service,subject,description,urgency
order tracking,Where is my order?,package???,low
order tracking,Tracking hasn't updated,The tracking number is not recognized by the carrier. The problem happens on both desktop and mobile. I need this fixed today because I cannot continue.,high
order tracking,Still broken: Tracking link is broken,"I've already wasted too much time on this. The package has been marked 'in transit' in the same location for days. I'm using Chrome on Windows 11. Steps: open My Orders, select the order, open tracking, then compare the status with the carrier's tracking page. Could someone look into this today if possible? Reference: order/account details can be provided if needed. Can someone sort this out?",medium
search,Filters not working,"The results page reloads whenever I scroll down. I'm using Chrome on Windows 11. I can wait a little, but I do need this resolved.",medium
payments,Payment declined but card is valid,"The payment has been showing as pending since yesterday. This happens in Safari on my iPhone. Steps: choose the saved card, confirm the payment, wait for authorization, then the site reports an error even though the bank shows activity. Could someone look into this today if possible?",medium
payments,Payment issue,card issue,high
payments,Charged twice for one order,"The card was charged, but I never received an order number or confirmation.",low
checkout,Checkout problem,can't buy anything,medium
payments,Refund not received,I've tried this several times and it's getting frustrating. Apple Pay closes after Face ID and returns me to the payment page. This happens in Safari on my iPhone.,medium
order tracking,Wrong tracking number,I've already retried a few times with no luck. The tracking number is not recognized by the carrier. I reproduced it twice this morning.,medium
checkout,Cart resets at checkout,"Could someone please take a look? The page spins forever after I click Place order. I reproduced it twice this morning. Steps: add an item to cart, open checkout, enter shipping details, continue to the next step, then the page stops responding. This is preventing me from using the service. Thanks.",high
checkout,Stuck on checkout page,can't buy anything,high
checkout,Order issue,can't buy anything,medium
checkout,Promo code breaks checkout,"Just reporting something I ran into. My shipping address is valid but the form keeps saying it cannot be verified. I reproduced it twice this morning. Steps: add an item to cart, open checkout, enter shipping details, continue to the next step, then the page stops responding. This is preventing me from using the service. Reference: order/account details can be provided if needed.",high
notification,Shipping email has wrong info,"The email says my order was cancelled, but the order page says it has shipped. The problem happens on both desktop and mobile. Steps: place or update an order, wait for the normal email/SMS notification, then check notification settings; nothing relevant arrives. I can wait a little, but I do need this resolved.",medium
checkout,Can't place my order,checkout is broken,medium
search,Product missing from search,I'm a bit confused by what the site is showing me. Changing the sort order clears the filters I already selected.,medium
order tracking,Tracking issue,tracking is wrong,medium
notification,Can't turn off marketing emails,"Hello, I wanted to report a problem. I receive the same shipping notification three or four times. This started after the latest app update.",medium
search,Can't find an item I bought before,"A product I can open from my order history does not appear in search. I have not changed any account settings recently. Steps: open search, enter the product name, apply a category filter, then sort by price; the results become inconsistent. I can wait a little, but I do need this resolved. Reference: order/account details can be provided if needed.",medium
notification,Can't turn off marketing emails,"just reporting something i ran into. the email says my order was cancelled, but the order page says it has shipped.",high
payments,Charged twice for one order,"I've tried this several times and it's getting frustrating. The refund is marked completed in my account, but the money is not back on my card. I tried both Wi-Fi and mobile data.",high
search,Product missing from search,"Hi, I noticed an issue. The results page reloads whenever I scroll down. This started after the latest app update. Steps: open search, enter the product name, apply a category filter, then sort by price; the results become inconsistent. This is blocking my purchase and I need help as soon as possible.",high
order tracking,Tracking hasn't updated,"I don't understand what is happening. The tracking page has shown the same status for several days. I can wait a little, but I do need this resolved.",medium
order tracking,Delivery date keeps changing,no update on delivery,high
login,2FA code never arrives,"Hi, I noticed an issue. I requested the two-factor code several times and nothing has arrived. This happens in Safari on my iPhone. I can wait a little, but I do need this resolved.",medium
checkout,Promo code breaks checkout,This keeps happening and I'm running out of things to try. Applying a discount code makes the checkout page reload and lose my details.,low
order tracking,Tracking link is broken,"The tracking page has shown the same status for several days. I already cleared cookies and tried again. Steps: open My Orders, select the order, open tracking, then compare the status with the carrier's tracking page. This is blocking my purchase and I need help as soon as possible.",high
payments,Charged twice for one order,"The refund is marked completed in my account, but the money is not back on my card. I'm using Chrome on Windows 11. Steps: choose the saved card, confirm the payment, wait for authorization, then the site reports an error even though the bank shows activity. It's inconvenient and I haven't been able to finish what I was trying to do. Reference: order/account details can be provided if needed.",medium
payments,Payment declined but card is valid,"I can see two identical charges for the same purchase. This started after the latest app update. Steps: choose the saved card, confirm the payment, wait for authorization, then the site reports an error even though the bank shows activity. I can work around it for now. Reference: order/account details can be provided if needed.",low
checkout,Cart resets at checkout,Just reporting something I ran into. There is no delivery method available even though you normally ship to my postcode. I already cleared cookies and tried again. Could someone look into this today if possible?,medium
order tracking,Package stuck in transit,I'm seeing a consistent problem with this. The tracking page has shown the same status for several days. Could someone look into this today if possible?,medium
notification,Notifications,emails not working,low
checkout,Promo code breaks checkout,checkout not working pls fix,medium
payments,Payment declined but card is valid,"Could someone please take a look? The refund is marked completed in my account, but the money is not back on my card. I have not changed any account settings recently. Steps: choose the saved card, confirm the payment, wait for authorization, then the site reports an error even though the bank shows activity. I can work around it for now. Reference: order/account details can be provided if needed. Thanks.",low
checkout,Order issue,checkout not working pls fix,high
notification,SMS alerts not arriving,"I'm getting very annoyed with this. too many alerts I need an actual answer, not a generic response.",medium
payments,Refund not received,"Hi, could you please help me with this? The card was charged, but I never received an order number or confirmation. I already cleared cookies and tried again. Could someone look into this today if possible? Thanks.",medium
login,Login issue,why am I locked out?,medium
payments,Payment pending for too long,I've tried this several times and it's getting frustrating. card issue,medium
payments,Refund not received,"Maybe I'm missing something, but this doesn't make sense. The refund is marked completed in my account, but the money is not back on my card. I have not changed any account settings recently. Steps: choose the saved card, confirm the payment, wait for authorization, then the site reports an error even though the bank shows activity. Could someone look into this today if possible?",medium
payments,Wrong amount charged,This keeps happening and I'm running out of things to try. Apple Pay closes after Face ID and returns me to the payment page. It worked normally yesterday. Could someone look into this today if possible?,medium
login,Again: Login issue on mobile,"This should not be this difficult. The password reset link opens, but after setting a new password I still cannot log in. I'm using Chrome on Windows 11. It's inconvenient and I haven't been able to finish what I was trying to do. I need an actual answer, not a generic response.",medium
login,Can't sign in,"I'm seeing a consistent problem with this. Login works in the browser but not in the mobile app. I'm using Chrome on Windows 11. Steps: open the sign-in page, enter my email and password, press Sign in, then the page reloads without logging me in. Could someone look into this today if possible?",medium
notification,Getting duplicate notifications,"Hi, could you please help me with this? Push notifications used to work and stopped without me changing any settings. The problem happens on both desktop and mobile. I need this fixed today because I cannot continue. Thanks.",high
order tracking,No tracking information available,Could someone please take a look? The tracking page has shown the same status for several days. Thanks.,medium
login,Can't sign in,"This should not be this difficult. I requested the two-factor code several times and nothing has arrived. This started after the latest app update. This is preventing me from using the service. I need an actual answer, not a generic response.",high
order tracking,No tracking information available,Just reporting something I ran into. The tracking number is not recognized by the carrier.,medium
login,Can't sign in,"The password reset link opens, but after setting a new password I still cannot log in. This happens in Safari on my iPhone. It's inconvenient and I haven't been able to finish what I was trying to do.",medium
payments,Apple Pay failed,"The card was charged, but I never received an oder number or confirmation.",high
notification,Push notifications stopped,"Just reporting something I ran into. I receive the same shipping notification three or four times. The problem happens on both desktop and mobile. I can wait a little, but I do need this resolved.",medium
notification,Can't turn off marketing emails,"The order appears in my account, but I never received the confirmation email.",high
order tracking,Tracking hasn't updated,"Hi, could you please help me with this? Your site says the package was delivered, but nothing was delivered to my address. I reproduced it twice this morning. I need someone to investigate this immediately. Thanks.",critical
notification,Still broken: Push notifications stopped,"Seriously, what is going on? I disabled marketing emails, but I am still receiving them. I'm using Chrome on Windows 11. I can wait a little, but I do need this resolved. This has happened more than once.",medium
notification,Wrong notification sent,"I'm getting very annoyed with this. The email says my order was cancelled, but the order page says it has shipped. I reproduced it twice this morning. Could someone look into this today if possible? Please fix this.",medium
order tracking,No tracking information available,"The tracking number is not recognized by the carrier. It worked normally yesterday. Steps: open My Orders, select the order, open tracking, then compare the status with the carrier's tracking page. Could someone look into this today if possible? Reference: order/account details can be provided if needed.",medium
login,Login issue on mobile,"Login works in the browser but not in the mobile app. I have not changed any account settings recently. Steps: open the sign-in page, enter my email and password, press Sign in, then the page reloads without logging me in. I need someone to investigate this immediately. Reference: order/account details can be provided if needed.",critical
payments,Apple Pay failed,"Could someone please take a look? My bank shows the payment as approved, but your site says it was declined. I have not changed any account settings recently. I can work around it for now. Thanks.",low
login,Login keeps failing,"I'm seeing a consistent problem with this. The password reset link opens, but after setting a new password I still cannot log in. I already cleared cookies and tried again. Could someone look into this today if possible?",medium
login,Password reset not working,"The password reset link opens, but after setting a new password I still cannot log in. This started after the latest app update. Steps: open the sign-in page, enter my email and password, press Sign in, then the page reloads without logging me in. No rush, but please check when possible. Reference: order/account details can be provided if needed.",low
login,Password reset not working,"Hi, I noticed an issue. The account says it is locked even though I only tried to sign in once today. I tried both Wi-Fi and mobile data. Steps: open the sign-in page, enter my email and password, press Sign in, then the page reloads without logging me in. This is preventing me from using the service. Reference: order/account details can be provided if needed.",high
payments,Wrong amount charged,"The refund is marked completed in my account, but the money is not back on my card. This is blocking my purchase and I need help as soon as possible.",high
checkout,Address rejected during checkout,"Maybe I'm missing something, but this doesn't make sense. Applying a discount code makes the checkout page reload and lose my details. I have not changed any account settings recently. This is preventing me from using the service.",high
login,Unable to access my account,"The password reset link opens, but after setting a new password I still cannot log in. The problem happens on both desktop and mobile. Steps: open the sign-in page, enter my email and password, press Sign in, then the page reloads without logging me in. No rush, but please check when possible. Reference: order/account details can be provided if needed.",low
order tracking,No tracking information available,"Hello, I hope you can help. Your order page and the carrier page show different delivery statuses. This is blocking my purchase and I need help as soon as possible. Thanks.",high
search,Filters not working,"This keeps happening and I'm running out of things to try. Changing the sort order clears the filters I already selected. I reproduced it twice this morning. Steps: open search, enter the product name, apply a category filter, then sort by price; the results become inconsistent. Please treat this as urgent; I am completely blocked.",critical
payments,Card charged but order not created,"I can see two identical charges for the same purchase. No rush, but please check when possible.",low
checkout,Checkout button does nothing,"Hello, I wanted to report a problem. I can add products to the cart, but the checkout button does not move to the next step. I also tried from another browser.",medium
notification,Can't turn off marketing emails,"I don't understand what is happening. The email says my order was cancelled, but the order page says it has shipped. I'm using Chrome on Windows 11. It's inconvenient and I haven't been able to finish what I was trying to do.",medium
payments,Refund not received,"I've tried this several times and it's getting frustrating. The refund is marked completed in my account, but the money is not back on my card. I also tried from another browser. Could someone look into this today if possible?",medium
search,Filters not working,"Just reporting something I ran into. The category filter is selected, but products from other categories are still shown. This started after the latest app update. Steps: open search, enter the product name, apply a category filter, then sort by price; the results become inconsistent. I can wait a little, but I do need this resolved. Reference: order/account details can be provided if needed.",medium
payments,Card charged but order not created,"Maybe I'm missing something, but this doesn't make sense. The refund is marked completed in my account, but the money is not back on my card. I have not changed any account settings recently. Steps: choose the saved card, confirm the payment, wait for authorization, then the site reports an error even though the bank shows activity. This is preventing me from using the service.",high
checkout,Address rejected during checkout,The cart becomes empty as soon as I reach the payment step.,medium
checkout,Stuck on checkout page,"I've already retried a few times with no luck. My shipping address is valid but the form keeps saying it cannot be verified. I have not changed any account settings recently. Steps: add an item to cart, open checkout, enter shipping details, continue to the next step, then the page stops responding. This is blocking my purchase and I need help as soon as possible. Reference: order/account details can be provided if needed.",high
checkout,Stuck on checkout page,"Hello, I hope you can help. There is no delivery method available even though you normally ship to my postcode. I already cleared cookies and tried again. Steps: add an item to cart, open checkout, enter shipping details, continue to the next step, then the page stops responding. Could someone look into this today if possible? Reference: order/account details can be provided if needed. Thanks.",medium
payments,Payment page error,I think I got charged wrong,low
search,Search returns no results,"Seriously, what is going on? Search takes around 20 seconds before showing results. I already cleared cookies and tried again. Steps: open search, enter the product name, apply a category filter, then sort by price; the results become inconsistent. No rush, but please check when possible. Reference: order/account details can be provided if needed. I need an actual answer, not a generic response.",low
search,Search page keeps reloading,I'm not sure if I'm doing something wrong. Search takes around 20 seconds before showing results. I already cleared cookies and tried again. This is blocking my purchase and I need help as soon as possible.,high
checkout,Cart resets at checkout,"Hi team, I'm having an issue and would appreciate some help. I can add products to the cart, but the checkout button does not move to the next step. The problem happens on both desktop and mobile. Steps: add an item to cart, open checkout, enter shipping details, continue to the next step, then the page stops responding. It's inconvenient and I haven't been able to finish what I was trying to do. Thanks.",medium
payments,Charged twice for one order,payment problem,critical
payments,Charged twice for one order,"I don't understand what is happening. Apple Pay closes after Face ID and returns me to the payment page. I'm using Chrome on Windows 11. Steps: choose the saved card, confirm the payment, wait for authorization, then the site reports an error even though the bank shows activity. It's inconvenient and I haven't been able to finish what I was trying to do.",medium
checkout,Promo code breaks checkout,"Could someone please take a look? I can add products to the cart, but the checkout button does not move to the next step. The problem happens on both desktop and mobile. Steps: add an item to cart, open checkout, enter shipping details, continue to the next step, then the page stops responding. I can work around it for now. Thanks.",low
notification,Push notifications stopped,I receive the same shipping notification three or four times. This is preventing me from using the service.,high
payments,Charged twice for one order,"Hi team, I'm having an issue and would appreciate some help. My bank shows the payment as approved, but your site says it was declined. I already cleared cookies and tried again. Steps: choose the saved card, confirm the payment, wait for authorization, then the site reports an error even though the bank shows activity. This is urgent because money/order access is affected and I need immediate assistance. Reference: order/account details can be provided if needed. Thanks.",critical
login,Login keeps failing,"The password reset link opens, but after setting a new password I still cannot log in. This happens in Safari on my iPhone. This is preventing me from using the service.",high
login,Signed out every time I refresh,"Could someone please take a look? I get an 'unexpected error' immediately after pressing Sign in. I'm using Chrome on Windows 11. Steps: open the sign-in page, enter my email and password, press Sign in, then the page reloads without logging me in. It's not blocking me right now, but I wanted to report it. Reference: order/account details can be provided if needed. Thanks.",low
checkout,URGENT: Stuck on checkout page,"This should not be this difficult. Applying a discount code makes the checkout page reload and lose my details. I'm using Chrome on Windows 11. I need an actual answer, not a generic response.",medium
checkout,Promo code breaks checkout,"Hello, I hope you can help. The cart becomes empty as soon as I reach the payment step. This happens in Safari on my iPhone. Steps: add an item to cart, open checkout, enter shipping details, continue to the next step, then the page stops responding. I can wait a little, but I do need this resolved. Thanks.",medium
order tracking,Tracking link is broken,"The tracking link in the email opens a 404 page. It worked normally yesterday. Steps: open My Orders, select the order, open tracking, then compare the status with the carrier's tracking page. It's inconvenient and I haven't been able to finish what I was trying to do. Reference: order/account details can be provided if needed.",medium
order tracking,Wrong tracking number,This keeps happening and I'm running out of things to try. Your order page and the carrier page show different delivery statuses. I also tried from another browser. Could someone look into this today if possible?,medium
payments,Charged twice for one order,"I can see two identical charges for the same purchase. I already cleared cookies and tried again. Steps: choose the saved card, confirm the payment, wait for authorization, then the site reports an error even though the bank shows activity. I need someone to investigate this immediately.",critical
payments,Apple Pay failed,"Hi, I noticed an issue. I can see two identical charges for the same purchase. I tried both Wi-Fi and mobile data.",medium
login,Signed out every time I refresh,I've tried this several times and it's getting frustrating. Login works in the browser but not in the mobile app.,low
payments,Card charged but order not created,"Apple Pay closes after Face ID and returns me to the payment page. I tried both Wi-Fi and mobile data. Steps: choose the saved card, confirm the payment, wait for authorization, then the site reports an error even though the bank shows activity. Could someone look into this today if possible? Reference: order/account details can be provided if needed.",medium
order tracking,No tracking information available,"Hi, I noticed an issue. The tracking number is not recognized by the carrier.",high
login,Login issue on mobile,"This should not be this difficult. The account says it is locked even though I only tried to sign in once today. The problem happens on both desktop and mobile. Steps: open the sign-in page, enter my email and password, press Sign in, then the page reloads without logging me in. I need this fixed today because I cannot continue. Reference: order/account details can be provided if needed. I need an actual answer, not a generic response.",high
order tracking,No tracking information available,where is my order?,low
checkout,Checkout button does nothing,I've already retried a few times with no luck. My shipping address is valid but the form keeps saying it cannot be verified.,medium
checkout,Promo code breaks checkout,Applying a discount code makes the checkout page reload and lose my details. I already cleared cookies and tried again. Could someone look into this today if possible?,medium
login,Signed out every time I refresh,I've tried this several times and it's getting frustrating. Login works in the browser but not in the mobile app. I have not changed any account settings recently. Could someone look into this today if possible?,medium
search,Search results are irrelevant,"Searching for an exact product name returns unrelated items. This started after the latest app update. Steps: open search, enter the product name, apply a category filter, then sort by price; the results become inconsistent. It's inconvenient and I haven't been able to finish what I was trying to do. Reference: order/account details can be provided if needed.",medium
order tracking,Tracking hasn't updated,I've already retried a few times with no luck. The tracking link in the email opens a 404 page. This happens in Safari on my iPhone. Could someone look into this today if possible?,medium
checkout,Can't place my order,My shipping address is valid but the form keeps saying it cannot be verified. I also tried from another browser.,low
checkout,Address rejected during checkout,"Could someone please take a look? The page spins forever after I click Place order. I also tried from another browser. Steps: add an item to cart, open checkout, enter shipping details, continue to the next step, then the page stops responding. I can wait a little, but I do need this resolved. Reference: order/account details can be provided if needed. Thanks.",medium
login,Signed out every time I refresh,"Hello, I hope you can help. The password reset link opens, but after setting a new password I still cannot log in. I reproduced it twice this morning. Steps: open the sign-in page, enter my email and password, press Sign in, then the page reloads without logging me in. No rush, but please check when possible. Thanks.",low
login,Password reset not working,Just reporting something I ran into. The account says it is locked even though I only tried to sign in once today. This happens in Safari on my iPhone. It's inconvenient and I haven't been able to finish what I was trying to do.,medium
checkout,Checkout won't complete,Applying a discount code makes the checkout page reload and lose my details. The problem happens on both desktop and mobile. This is preventing me from using the service.,high
login,Can't log in,sign in doesn't work,medium
notification,Too many notifications,"I've already retried a few times with no luck. I receive the same shipping notification three or four times. I already cleared cookies and tried again. Steps: place or update an order, wait for the normal email/SMS notification, then check notification settings; nothing relevant arrives. I need this fixed today because I cannot continue. Reference: order/account details can be provided if needed.",high
order tracking,Tracking link is broken,"Hi, I noticed an issue. Your site says the package was delivered, but nothing was delivered to my address. I also tried from another browser.",high
login,Login issue on mobile,This keeps happening and I'm running out of things to try. I get an 'unexpected error' immediately after pressing Sign in. I have not changed any account settings recently. This is blocking my purchase and I need help as soon as possible.,high
payments,Payment pending for too long,"I've tried this several times and it's getting frustrating. The card was charged, but I never received an order number or confirmation. It's not blocking me right now, but I wanted to report it.",low
notification,Too many notifications,"I've already retried a few times with no luck. I disabled marketing emails, but I am still receiving them. This started after the latest app update. Steps: place or update an order, wait for the normal email/SMS notification, then check notification settings; nothing relevant arrives. I need someone to investigate this immediately.",critical
checkout,Still broken: Delivery option missing at checkout,"This should not be this difficult. I can add products to the cart, but the checkout button does not move to the next step. I reproduced it twice this morning. Could someone look into this today if possible? I need an actual answer, not a generic response.",medium
login,Login keeps failing,login broken,medium
payments,Payment declined but card is valid,"The refund is marked completed in my account, but the money is not back on my card. The problem happens on both desktop and mobile. Steps: choose the saved card, confirm the payment, wait for authorization, then the site reports an error even though the bank shows activity. This is preventing me from using the service. Reference: order/account details can be provided if needed.",high
checkout,Delivery option missing at checkout,"I've already retried a few times with no luck. The cart becomes empty as soon as I reach the payment step. I'm using Chrome on Windows 11. Steps: add an item to cart, open checkout, enter shipping details, continue to the next step, then the page stops responding. This is blocking my purchase and I need help as soon as possible.",high
checkout,Cart resets at checkout,There is no delivery method available even though you normally ship to my postcode. The problem happens on both desktop and mobile.,medium
login,Signed out every time I refresh,"Maybe I'm missing something, but this doesn't make sense. The account says it is locked even though I only tried to sign in once today. I have not changed any account settings recently. It's not blocking me right now, but I wanted to report it.",low
payments,Payment pending for too long,"I'm seeing a consistent problem with this. My bank shows the payment as approved, but your site says it was declined. This happens in Safari on my iPhone. Steps: choose the saved card, confirm the payment, wait for authorization, then the site reports an error even though the bank shows activity. Please treat this as urgent; I am completely blocked. Reference: order/account details can be provided if needed.",critical
checkout,Address rejected during checkout,"I'm not sure if I'm doing something wrong. The page spins forever after I click Place order. I also tried from another browser. Steps: add an item to cart, open checkout, enter shipping details, continue to the next step, then the page stops responding. This is preventing me from using the service. Reference: order/account details can be provided if needed.",high
notification,Order confirmation email missing,SMS notifications stopped arriving even though my phone number is correct. This happens in Safari on my iPhone. It's inconvenient and I haven't been able to finish what I was trying to do.,medium
login,Can't log in,I've tried this several times and it's getting frustrating. can't get into my account,medium
order tracking,Tracking link is broken,Your order page and the carrier page show different delivery statuses. I already cleared cookies and tried again.,medium
search,Search results are irrelevant,I've tried this several times and it's getting frustrating. A product I can open from my order history does not appear in search. This happens in Safari on my iPhone. It's inconvenient and I haven't been able to finish what I was trying to do.,medium
search,Search page keeps reloading,"A product I can open from my order history does not appear in search. I have not changed any account settings recently. Steps: open search, enter the product name, apply a category filter, then sort by price; the results become inconsistent. This is preventing me from using the service.",high
order tracking,Delivery date keeps changing,i'm a bit confused by what the site is showing me. the tracking number is not recognized by the carrier.,medium
notification,Shipping email has wrong info,"This keeps happening and I'm running out of things to try. I receive the same shipping notification three or four times. The problem happens on both desktop and mobile. Steps: place or update an order, wait for the normal email/SMS notification, then check notification settings; nothing relevant arrives. It's not blocking me right now, but I wanted to report it. Reference: order/account details can be provided if needed.",low
checkout,Can't place my order,"The cart becomes empty as soon as I reach the payment step. I'm using Chrome on Windows 11. Steps: add an item to cart, open checkout, enter shipping details, continue to the next step, then the page stops responding. It's not blocking me right now, but I wanted to report it.",low
login,Password reset not working,"Hi, could you please help me with this? Login works in the browser but not in the mobile app. This happens in Safari on my iPhone. Could someone look into this today if possible? Thanks.",medium
payments,Charged twice for one order,"My bank shows the payment as approved, but your site says it was declined. This started after the latest app update. It's inconvenient and I haven't been able to finish what I was trying to do.",medium
payments,Payment issue,payment problem,low
order tracking,Tracking link is broken,"Hi, I noticed an issue. Your order page and the carrier page show different delivery statuses. I reproduced it twice this morning. This is blocking my purchase and I need help as soon as possible.",high
login,2FA code never arrives,I've already retried a few times with no luck. Login works in the browser but not in the mobile app. I tried both Wi-Fi and mobile data. It's inconvenient and I haven't been able to finish what I was trying to do.,medium
login,Can't sign in,"I requested the two-factor code several times and nothing has arrived. I reproduced it twice this morning. Steps: open the sign-in page, enter my email and password, press Sign in, then the page reloads without logging me in. I can work around it for now. Reference: order/account details can be provided if needed.",low
search,URGENT: Search returns no results,"This is really frustrating. A product I can open from my order history does not appear in search. I reproduced it twice this morning. Steps: open search, enter the product name, apply a category filter, then sort by price; the results become inconsistent. No rush, but please check when possible. Reference: order/account details can be provided if needed. This has happened more than once.",low
checkout,Checkout problem,can't buy anything,medium
payments,Payment page error,I'm getting very annoyed with this. I can see two identical charges for the same purchase. I already cleared cookies and tried again. This is blocking my purchase and I need help as soon as possible. Please fix this.,high
checkout,Checkout won't complete,"Just reporting something I ran into. There is no delivery method available even though you normally ship to my postcode. It worked normally yesterday. I can wait a little, but I do need this resolved.",medium
order tracking,No tracking information available,package???,high
checkout,Address rejected during checkout,"Hello, I wanted to report a problem. Applying a discount code makes the checkout page reload and lose my details. I already cleared cookies and tried again. Could someone look into this today if possible?",medium
order tracking,No tracking information available,"Your site says the package was delivered, but nothing was delivered to my address. I'm using Chrome on Windows 11.",medium
search,Can't find an item I bought before,can't find anything,high
login,Login issue on mobile,"I've already wasted too much time on this. I enter the correct email and password but the page sends me back to the sign-in screen. I already cleared cookies and tried again. Steps: open the sign-in page, enter my email and password, press Sign in, then the page reloads without logging me in. No rush, but please check when possible. Can someone sort this out?",low
search,Can't find product,results are weird,medium
order tracking,Tracking link is broken,I'm a bit confused by what the site is showing me. The tracking number is not recognized by the carrier. I have not changed any account settings recently.,medium
search,Can't find an item I bought before,"Seriously, what is going on? The category filter is selected, but products from other categories are still shown. I reproduced it twice this morning. Steps: open search, enter the product name, apply a category filter, then sort by price; the results become inconsistent. Please treat this as urgent; I am completely blocked. Can someone sort this out?",critical
order tracking,No tracking information available,The tracking number is not recognized by the carrier. This started after the latest app update. It's inconvenient and I haven't been able to finish what I was trying to do.,medium
login,Account locked after login attempt,I enter the correct email and password but the page sends me back to the sign-in screen.,medium
checkout,Checkout won't complete,I don't understand what is happening. My shipping address is valid but the form keeps saying it cannot be verified. The problem happens on both desktop and mobile.,medium
search,Sorting changes my filters,"Hi, could you please help me with this? Searching for an exact product name returns unrelated items. It worked normally yesterday. Thanks.",medium
login,Login issue on mobile,"I've already wasted too much time on this. I enter the correct email and password but the page sends me back to the sign-in screen. I need an actual answer, not a generic response.",medium
payments,Payment page error,"Hi, I noticed an issue. The payment has been showing as pending since yesterday. I already cleared cookies and tried again. It's inconvenient and I haven't been able to finish what I was trying to do.",medium
checkout,Can't place my order,My shipping address is valid but the form keeps saying it cannot be verified. I also tried from another browser. This is urgent because money/order access is affected and I need immediate assistance.,critical
notification,Push notifications stopped,"The order appears in my account, but I never received the confirmation email. I also tried from another browser. Steps: place or update an order, wait for the normal email/SMS notification, then check notification settings; nothing relevant arrives. Could someone look into this today if possible? Reference: order/account details can be provided if needed.",medium
login,Signed out every time I refresh,The account says it is locked even though I only tried to sign in once today. This is preventing me from using the service.,high
notification,SMS alerts not arriving,I'm seeing a consistent problem with this. I receive the same shipping notification three or four times.,medium
notification,SMS alerts not arriving,"I'm seeing a consistent problem with this. The order appears in my account, but I never received the confirmation email. I reproduced it twice this morning. Steps: place or update an order, wait for the normal email/SMS notification, then check notification settings; nothing relevant arrives. This is preventing me from using the service. Reference: order/account details can be provided if needed.",high
search,Again: Search returns no results,"Seriously, what is going on? The results page reloads whenever I scroll down. This started after the latest app update. This has happened more than once.",medium
search,Filters not working,"I'm seeing a consistent problem with this. Searching for an exact product name returns unrelated items. I tried both Wi-Fi and mobile data. Steps: open search, enter the product name, apply a category filter, then sort by price; the results become inconsistent. This is blocking my purchase and I need help as soon as possible. Reference: order/account details can be provided if needed.",high
search,Search is very slow,"I'm a bit confused by what the site is showing me. Searching for an exact product name returns unrelated items. I'm using Chrome on Windows 11. Steps: open search, enter the product name, apply a category filter, then sort by price; the results become inconsistent. I can wait a little, but I do need this resolved. Reference: order/account details can be provided if needed.",medium
order tracking,Order status doesn't match carrier,"I'm not sure if I'm doing something wrong. The tracking link in the email opens a 404 page. I already cleared cookies and tried again. No rush, but please check when possible.",low
checkout,Again: Address rejected during checkout,"Seriously, what is going on? My shipping address is valid but the form keeps saying it cannot be verified. Please treat this as urgent; I am completely blocked. Please fix this.",critical
login,Password reset not working,"I'm seeing a consistent problem with this. The account says it is locked even though I only tried to sign in once today. This happens in Safari on my iPhone. Steps: open the sign-in page, enter my email and password, press Sign in, then the page reloads without logging me in. No rush, but please check when possible. Reference: order/account details can be provided if needed.",low
checkout,Can't place my order,"The page spins forever after I click Place order. No rush, but please check when possible.",low
payments,Charged twice for one order,"Maybe I'm missing something, but this doesn't make sense. The card was charged, but I never received an order number or confirmation. I'm using Chrome on Windows 11. I can wait a little, but I do need this resolved.",medium
order tracking,No tracking information available,Just reporting something I ran into. The tracking number is not recognized by the carrier. I already cleared cookies and tried again. It's inconvenient and I haven't been able to finish what I was trying to do.,medium
payments,Apple Pay failed,I'm not sure if I'm doing something wrong. The payment has been showing as pending since yesterday. I have not changed any account settings recently. This is urgent because money/order access is affected and I need immediate assistance.,critical
order tracking,Delivery date keeps changing,"I've already wasted too much time on this. The tracking page has shown the same status for several days. This started after the latest app update. Steps: open My Orders, select the order, open tracking, then compare the status with the carrier's tracking page. This is blocking my purchase and I need help as soon as possible. Reference: order/account details can be provided if needed. This has happened more than once.",high
payments,Refund not received,"I don't understand what is happening. My bank shows the payment as approved, but your site says it was declined. I have not changed any account settings recently. I can wait a little, but I do need this resolved.",medium
login,Login issue on mobile,"This is really frustrating. Login works in the browser but not in the mobile app. I tried both Wi-Fi and mobile data. It's inconvenient and I haven't been able to finish what I was trying to do. I need an actual answer, not a generic response.",medium
payments,Wrong amount charged,"I don't understand what is happening. The refund is marked completed in my account, but the money is not back on my card. I also tried from another browser. I need this fixed today because I cannot continue.",high
notification,Getting duplicate notifications,I'm a bit confused by what the site is showing me. SMS notifications stopped arriving even though my phone number is correct.,medium
checkout,Checkout won't complete,I've tried this several times and it's getting frustrating. There is no delivery method available even though you normally ship to my postcode. This is preventing me from using the service.,high
notification,Can't turn off marketing emails,Push notifications used to work and stopped without me changing any settings. I have not changed any account settings recently.,medium
payments,Card charged but order not created,"The refund is marked completed in my account, but the money is not back on my card.",high
checkout,Checkout won't complete,"Maybe I'm missing something, but this doesn't make sense. I can add products to the cart, but the checkout button does not move to the next step. I also tried from another browser. Please treat this as urgent; I am completely blocked.",critical
login,Account locked after login attempt,This should not be this difficult. The account says it is locked even though I only tried to sign in once today. I have not changed any account settings recently. This has happened more than once.,medium
search,Sorting changes my filters,"This keeps happening and I'm running out of things to try. Searching for an exact product name returns unrelated items. I have not changed any account settings recently. Steps: open search, enter the product name, apply a category filter, then sort by price; the results become inconsistent. I can wait a little, but I do need this resolved.",medium
order tracking,Wrong tracking number,I'm not sure if I'm doing something wrong. The tracking page has shown the same status for several days.,critical
notification,Order confirmation email missing,"I've tried this several times and it's getting frustrating. The order appears in my account, but I never received the confirmation email. Please treat this as urgent; I am completely blocked.",critical
checkout,Promo code breaks checkout,"Hello, I hope you can help. The cart becomes empty as soon as I reach the payment step. I'm using Chrome on Windows 11. It's inconvenient and I haven't been able to finish what I was trying to do. Thanks.",medium
search,Search results are irrelevant,"I'm getting very annoyed with this. The category filter is selected, but products from other categories are still shown. This has happened more than once.",high
payments,Payment declined but card is valid,"Hi, I noticed an issue. My bank shows the payment as approved, but your site says it was declined. I tried both Wi-Fi and mobile data. Steps: choose the saved card, confirm the payment, wait for authorization, then the site reports an error even though the bank shows activity. I can wait a little, but I do need this resolved. Reference: order/account details can be provided if needed.",medium
checkout,Cart resets at checkout,"I'm not sure if I'm doing something wrong. I can add products to the cart, but the checkout button does not move to the next step.",low
payments,Charged twice for one order,"I've already retried a few times with no luck. The card was charged, but I never received an order number or confirmation. I also tried from another browser. This is blocking my purchase and I need help as soon as possible.",high
checkout,Delivery option missing at checkout,"Hello, I hope you can help. There is no delivery method available even though you normally ship to my postcode. I reproduced it twice this morning. This is preventing me from using the service. Thanks.",high
payments,Card charged but order not created,I've already retried a few times with no luck. I can see two identical charges for the same purchase. I can work around it for now.,low
order tracking,Order says delivered but isn't here,"Hi team, I'm having an issue and would appreciate some help. Your site says the package was delivered, but nothing was delivered to my address. This started after the latest app update. Steps: open My Orders, select the order, open tracking, then compare the status with the carrier's tracking page. It's inconvenient and I haven't been able to finish what I was trying to do. Thanks.",medium
order tracking,Tracking link is broken,"Your order page and the carrier page show different delivery statuses. I already cleared cookies and tried again. Steps: open My Orders, select the order, open tracking, then compare the status with the carrier's tracking page. I can wait a little, but I do need this resolved. Reference: order/account details can be provided if needed.",medium
payments,Charged twice for one order,"The payment has been showing as pending since yesterday. I already cleared cookies and tried again. Steps: choose the saved card, confirm the payment, wait for authorization, then the site reports an error even though the bank shows activity. I can wait a little, but I do need this resolved.",medium
checkout,Stuck on checkout page,"Could someone please take a look? I can add products to the cart, but the checkout button does not move to the next step. Could someone look into this today if possible? Thanks.",medium
order tracking,Wrong tracking number,"Hi team, I'm having an issue and would appreciate some help. The package has been marked 'in transit' in the same location for days. Thanks.",medium
login,Signed out every time I refresh,"I get an 'unexpected error' immediately after pressing Sign in. I tried both Wi-Fi and mobile data. Steps: open the sign-in page, enter my email and password, press Sign in, then the page reloads without logging me in. It's inconvenient and I haven't been able to finish what I was trying to do. Reference: order/account details can be provided if needed.",medium
checkout,Promo code breaks checkout,"This keeps happening and I'm running out of things to try. There is no delivery method available even though you normally ship to my postcode. The problem happens on both desktop and mobile. Steps: add an item to cart, open checkout, enter shipping details, continue to the next step, then the page stops responding. This is urgent because money/order access is affected and I need immediate assistance.",critical
payments,Refund not received,"Hi team, I'm having an issue and would appreciate some help. Apple Pay closes after Face ID and returns me to the payment page. I already cleared cookies and tried again. It's not blocking me right now, but I wanted to report it. Thanks.",low
notification,Wrong notification sent,"The email says my order was cancelled, but the order page says it has shipped. This is urgent because money/order access is affected and I need immediate assistance.",critical
order tracking,Wrong tracking number,"I'm seeing a consistent problem with this. Your site says the package was delivered, but nothing was delivered to my address. Please treat this as urgent; I am completely blocked.",critical
search,Search results are irrelevant,"The category filter is selected, but products from other categories are still shown. I also tried from another browser. Steps: open search, enter the product name, apply a category filter, then sort by price; the results become inconsistent. Could someone look into this today if possible? Reference: order/account details can be provided if needed.",medium
search,Product missing from search,"I'm a bit confused by what the site is showing me. A product I can open from my order history does not appear in search. I also tried from another browser. I can wait a little, but I do need this resolved.",medium
order tracking,Tracking hasn't updated,"Could someone please take a look? Your site says the package was delivered, but nothing was delivered to my address. This happens in Safari on my iPhone. I need someone to investigate this immediately. Thanks.",critical
checkout,Cart resets at checkout,I'm a bit confused by what the site is showing me. Applying a discount code makes the checkout page reload and lose my details. I tried both Wi-Fi and mobile data.,medium
payments,Apple Pay failed,"Hello, I hope you can help. The payment has been showing as pending since yesterday. I also tried from another browser. Steps: choose the saved card, confirm the payment, wait for authorization, then the site reports an error even though the bank shows activity. No rush, but please check when possible. Thanks.",low
payments,Payment page error,"I'm a bit confused by what the site is showing me. The payment has been showing as pending since yesterday. This happens in Safari on my iPhone. Steps: choose the saved card, confirm the payment, wait for authorization, then the site reports an error even though the bank shows activity. I can wait a little, but I do need this resolved.",medium
order tracking,No tracking information available,"Your order page and the carrier page show different delivery statuses. It worked normally yesterday. It's not blocking me right now, but I wanted to report it.",low
checkout,Address rejected during checkout,"Hi, I noticed an issue. I can add products to the cart, but the checkout button does not move to the next step. I already cleared cookies and tried again. I can wait a little, but I do need this resolved.",medium
search,Product missing from search,"This keeps happening and I'm running out of things to try. The results page reloads whenever I scroll down. I'm using Chrome on Windows 11. Steps: open search, enter the product name, apply a category filter, then sort by price; the results become inconsistent. It's inconvenient and I haven't been able to finish what I was trying to do.",medium
payments,Payment pending for too long,"The card was charged, but I never received an order number or confirmation.",high
checkout,Promo code breaks checkout,"My shipping address is valid but the form keeps saying it cannot be verified. This started after the latest app update. I can wait a little, but I do need this resolved.",medium
notification,Shipping email has wrong info,"Hi, could you please help me with this? The order appears in my account, but I never received the confirmation email. Thanks.",medium
checkout,Promo code breaks checkout,I'm seeing a consistent problem with this. The cart becomes empty as soon as I reach the payment step.,low
payments,Payment issue,This should not be this difficult. payment problem This has happened more than once.,low
payments,Apple Pay failed,card issue,medium
login,Login issue,why am I locked out?,medium
payments,Wrong amount charged,"I've already retried a few times with no luck. My bank shows the payment as approved, but your site says it was declined.",medium
order tracking,Delivery date keeps changing,I've already retried a few times with no luck. The tracking number is not recognized by the carrier. I need someone to investigate this immediately.,critical
payments,Charged twice for one order,"The payment has been showing as pending since yesterday. The problem happens on both desktop and mobile. It's not blocking me right now, but I wanted to report it.",low
login,Login keeps failing,"Maybe I'm missing something, but this doesn't make sense. Login works in the browser but not in the mobile app. It worked normally yesterday. This is blocking my purchase and I need help as soon as possible.",high
payments,Payment declined but card is valid,"This keeps happening and I'm running out of things to try. My bank shows the payment as approved, but your site says it was declined. This started after the latest app update.",medium
payments,Charged twice for one order,I'm seeing a consistent problem with this. Apple Pay closes after Face ID and returns me to the payment page.,medium
search,Filters not working,"Just reporting something I ran into. The category filter is selected, but products from other categories are still shown.",high
order tracking,Wrong tracking number,"I'm not sure if I'm doing something wrong. Your order page and the carrier page show different delivery statuses. I have not changed any account settings recently. Steps: open My Orders, select the order, open tracking, then compare the status with the carrier's tracking page. Could someone look into this today if possible? Reference: order/account details can be provided if needed.",medium
payments,Charged twice for one order,"The refund is marked completed in my account, but the money is not back on my card. It worked normally yesterday. Steps: choose the saved card, confirm the payment, wait for authorization, then the site reports an error even though the bank shows activity. I can wait a little, but I do need this resolved.",medium
checkout,Stuck on checkout page,"Maybe I'm missing something, but this doesn't make sense. Applying a discount code makes the checkout page reload and lose my details. I'm using Chrome on Windows 11. Steps: add an item to cart, open checkout, enter shipping details, continue to the next step, then the page stops responding. Could someone look into this today if possible?",medium
login,Login issue on mobile,I'm not sure if I'm doing something wrong. Login works in the browser but not in the mobile app.,high
payments,Wrong amount charged,"Hello, I wanted to report a problem. Apple Pay closes after Face ID and returns me to the payment page. This happens in Safari on my iPhone. I need this fixed today because I cannot continue.",high
login,Login keeps failing,I've tried this several times and it's getting frustrating. I get an 'unexpected error' immediately after pressing Sign in. I tried both Wi-Fi and mobile data.,high
login,2FA code never arrives,"Hello, I wanted to report a problem. The account says it is locked even though I only tried to sign in once today. I have not changed any account settings recently. This is blocking my purchase and I need help as soon as possible.",high
checkout,Delivery option missing at checkout,"This keeps happening and I'm running out of things to try. My shipping address is valid but the form keeps saying it cannot be verified. This happens in Safari on my iPhone. Steps: add an item to cart, open checkout, enter shipping details, continue to the next step, then the page stops responding. Please treat this as urgent; I am completely blocked. Reference: order/account details can be provided if needed.",critical
payments,Payment pending for too long,This keeps happening and I'm running out of things to try. The payment has been showing as pending since yesterday. I reproduced it twice this morning.,high
notification,Getting duplicate notifications,"This is really frustrating. I receive the same shipping notification three or four times. I already cleared cookies and tried again. Steps: place or update an order, wait for the normal email/SMS notification, then check notification settings; nothing relevant arrives. It's not blocking me right now, but I wanted to report it. I need an actual answer, not a generic response.",low
order tracking,Package stuck in transit,where is my order?,high
login,Login issue on mobile,I get an 'unexpected error' immediately after pressing Sign in.,low
login,Can't sign in,The account says it is locked even though I only tried to sign in once today.,high
search,Can't find product,results are weird,medium
checkout,Stuck on checkout page,"Seriously, what is going on? There is no delivery method available even though you normally ship to my postcode. This happens in Safari on my iPhone. Could someone look into this today if possible? Please fix this.",medium
checkout,Cart resets at checkout,"I've tried this several times and it's getting frustrating. I can add products to the cart, but the checkout button does not move to the next step. It worked normally yesterday. Steps: add an item to cart, open checkout, enter shipping details, continue to the next step, then the page stops responding. I need someone to investigate this immediately.",critical
order tracking,Order status doesn't match carrier,"Hello, I hope you can help. Your site says the package was delivered, but nothing was delivered to my address. I tried both Wi-Fi and mobile data. Steps: open My Orders, select the order, open tracking, then compare the status with the carrier's tracking page. I can wait a little, but I do need this resolved. Reference: order/account details can be provided if needed. Thanks.",medium
checkout,Stuck on checkout page,I've tried this several times and it's getting frustrating. My shipping address is valid but the form keeps saying it cannot be verified.,medium
order tracking,Where is my order?,tracking is wrong,medium
login,2FA code never arrives,"I've already retried a few times with no luck. The password reset link opens, but after setting a new password I still cannot log in. I can work around it for now.",low
checkout,Checkout button does nothing,"I've tried this several times and it's getting frustrating. I can add products to the cart, but the checkout button does not move to the next step. The problem happens on both desktop and mobile. It's inconvenient and I haven't been able to finish what I was trying to do.",medium
notification,Push notifications stopped,I'm a bit confused by what the site is showing me. Push notifications used to work and stopped without me changing any settings. This happens in Safari on my iPhone.,critical
payments,Payment declined but card is valid,payment problem,medium
checkout,Stuck on checkout page,"The page spins forever after I click Place order. I tried both Wi-Fi and mobile data. Steps: add an item to cart, open checkout, enter shipping details, continue to the next step, then the page stops responding. Please treat this as urgent; I am completely blocked. Reference: order/account details can be provided if needed.",critical
payments,Charged twice for one order,"The card was charged, but I never received an order number or confirmation. I have not changed any account settings recently. It's inconvenient and I haven't been able to finish what I was trying to do.",medium
order tracking,No tracking information available,"I'm seeing a consistent problem with this. The package has been marked 'in transit' in the same location for days. This happens in Safari on my iPhone. It's not blocking me right now, but I wanted to report it.",low
search,Search returns no results,"Hello, I wanted to report a problem. Changing the sort order clears the filters I already selected. I tried both Wi-Fi and mobile data. Steps: open search, enter the product name, apply a category filter, then sort by price; the results become inconsistent. I can work around it for now. Reference: order/account details can be provided if needed.",low
order tracking,No tracking information available,"Maybe I'm missing something, but this doesn't make sense. The tracking page has shown the same status for several days. I have not changed any account settings recently. I can wait a little, but I do need this resolved.",medium
order tracking,Order status doesn't match carrier,"The tracking page has shown the same status for several days. This happens in Safari on my iPhone. Steps: open My Orders, select the order, open tracking, then compare the status with the carrier's tracking page. It's inconvenient and I haven't been able to finish what I was trying to do.",medium
order tracking,Wrong tracking number,where is my order?,medium
notification,Getting duplicate notifications,SMS notifications stopped arriving even though my phone number is correct. I already cleared cookies and tried again.,medium
payments,Charged twice for one order,"Hello, I wanted to report a problem. My bank shows the payment as approved, but your site says it was declined. I already cleared cookies and tried again. It's inconvenient and I haven't been able to finish what I was trying to do.",medium
payments,Card charged but order not created,"Hi, I noticed an issue. The refund is marked completed in my account, but the money is not back on my card.",low
search,Can't find an item I bought before,Changing the sort order clears the filters I already selected. I tried both Wi-Fi and mobile data. Could someone look into this today if possible?,medium
search,Search results are irrelevant,"Hi, I noticed an issue. The category filter is selected, but products from other categories are still shown. I have not changed any account settings recently.",medium
search,Search is very slow,"Hi, I noticed an issue. Searching for an exact product name returns unrelated items. I have not changed any account settings recently. Steps: open search, enter the product name, apply a category filter, then sort by price; the results become inconsistent. It's inconvenient and I haven't been able to finish what I was trying to do. Reference: order/account details can be provided if needed.",medium
search,URGENT: Can't find an item I bought before,"Seriously, what is going on? The category filter is selected, but products from other categories are still shown. I already cleared cookies and tried again. I can wait a little, but I do need this resolved. I need an actual answer, not a generic response.",medium
notification,Getting duplicate notifications,"Hi, could you please help me with this? The order appears in my account, but I never received the confirmation email. I'm using Chrome on Windows 11. This is preventing me from using the service. Thanks.",high
checkout,Can't place my order,"I don't understand what is happening. Applying a discount code makes the checkout page reload and lose my details. I tried both Wi-Fi and mobile data. Steps: add an item to cart, open checkout, enter shipping details, continue to the next step, then the page stops responding. I need this fixed today because I cannot continue.",high
notification,Shipping email has wrong info,"I've already retried a few times with no luck. The order appears in my account, but I never received the confirmation email. This started after the latest app update. This is preventing me from using the service.",high
search,Filters not working,This keeps happening and I'm running out of things to try. search doesn't work,high
payments,Apple Pay failed,"I'm a bit confused by what the site is showing me. The card was charged, but I never received an order number or confirmation.",medium
checkout,Order issue,can't buy anything,medium
payments,Apple Pay failed,"I can see two identical charges for the same purchase. I can wait a little, but I do need this resolved.",medium
checkout,Checkout won't complete,The cart becomes empty as soon as I reach the payment step. I tried both Wi-Fi and mobile data. Could someone look into this today if possible?,medium
payments,Wrong amount charged,payment failed again,high
checkout,Can't place my order,"Hi, I noticed an issue. There is no delivery method available even though you normally ship to my postcode. This started after the latest app update. Could someone look into this today if possible?",medium
notification,SMS alerts not arriving,"This is really frustrating. The email says my order was cancelled, but the order page says it has shipped. It worked normally yesterday. I need an actual answer, not a generic response.",high
payments,Payment page error,"My bank shows the payment as approved, but your site says it was declined. I also tried from another browser. Steps: choose the saved card, confirm the payment, wait for authorization, then the site reports an error even though the bank shows activity. It's inconvenient and I haven't been able to finish what I was trying to do. Reference: order/account details can be provided if needed.",medium
order tracking,Wrong tracking number,Your order page and the carrier page show different delivery statuses. I already cleared cookies and tried again. This is preventing me from using the service.,high
login,Login issue on mobile,I've tried this several times and it's getting frustrating. I requested the two-factor code several times and nothing has arrived. I need this fixed today because I cannot continue.,high
login,Can't sign in,"I've tried this several times and it's getting frustrating. I enter the correct email and password but the page sends me back to the sign-in screen. I tried both Wi-Fi and mobile data. Steps: open the sign-in page, enter my email and password, press Sign in, then the page reloads without logging me in. I can wait a little, but I do need this resolved.",medium
payments,Still broken: Payment pending for too long,This should not be this difficult. The payment has been showing as pending since yesterday. I have not changed any account settings recently. I need this fixed today because I cannot continue. Please fix this.,high
payments,Payment pending for too long,"This keeps happening and I'm running out of things to try. I can see two identical charges for the same purchase. I have not changed any account settings recently. Steps: choose the saved card, confirm the payment, wait for authorization, then the site reports an error even though the bank shows activity. Could someone look into this today if possible? Reference: order/account details can be provided if needed.",medium
order tracking,Tracking hasn't updated,Your order page and the carrier page show different delivery statuses. I'm using Chrome on Windows 11. I need this fixed today because I cannot continue.,high
notification,Notifications,emails not working,high
login,Login keeps failing,"This keeps happening and I'm running out of things to try. Login works in the browser but not in the mobile app. I have not changed any account settings recently. Steps: open the sign-in page, enter my email and password, press Sign in, then the page reloads without logging me in. I need this fixed today because I cannot continue.",high
login,Unable to access my account,I'm a bit confused by what the site is showing me. Login works in the browser but not in the mobile app. I also tried from another browser. This is blocking my purchase and I need help as soon as possible.,high
login,Signed out every time I refresh,"Hello, I wanted to report a problem. The password reset link opens, but after setting a new password I still cannot log in. It worked normally yesterday. Steps: open the sign-in page, enter my email and password, press Sign in, then the page reloads without logging me in. Could someone look into this today if possible?",medium
login,Account locked after login attempt,login broken,medium
payments,Payment issue,payment problem,low
notification,Getting duplicate notifications,"Push notifications used to work and stopped without me changing any settings. I'm using Chrome on Windows 11. Steps: place or update an order, wait for the normal email/SMS notification, then check notification settings; nothing relevant arrives. It's inconvenient and I haven't been able to finish what I was trying to do. Reference: order/account details can be provided if needed.",medium
order tracking,Package stuck in transit,This keeps happening and I'm running out of things to try. The tracking link in the email opens a 404 page.,low
search,Search is very slow,"Searching for an exact product name returns unrelated items. I have not changed any account settings recently. I can wait a little, but I do need this resolved.",medium
login,Password reset not working,"I enter the correct email and password but the page sends me back to the sign-in screen. I also tried from another browser. Steps: open the sign-in page, enter my email and password, press Sign in, then the page reloads without logging me in. Could someone look into this today if possible?",medium
notification,Still broken: Getting duplicate notifications,"I've already wasted too much time on this. I receive the same shipping notification three or four times. I tried both Wi-Fi and mobile data. Steps: place or update an order, wait for the normal email/SMS notification, then check notification settings; nothing relevant arrives. It's inconvenient and I haven't been able to finish what I was trying to do. I need an actual answer, not a generic response.",medium
search,Sorting changes my filters,Just reporting something I ran into. Search takes around 20 seconds before showing results. Could someone look into this today if possible?,medium
checkout,Promo code breaks checkout,"Maybe I'm missing something, but this doesn't make sense. My shipping address is valid but the form keeps saying it cannot be verified. I have not changed any account settings recently. Steps: add an item to cart, open checkout, enter shipping details, continue to the next step, then the page stops responding. This is blocking my purchase and I need help as soon as possible.",high
notification,Wrong notification sent,"I'm seeing a consistent problem with this. The email says my order was cancelled, but the order page says it has shipped.",medium
search,Search results are irrelevant,Just reporting something I ran into. Search takes around 20 seconds before showing results. It's inconvenient and I haven't been able to finish what I was trying to do.,medium
order tracking,Tracking hasn't updated,The tracking page has shown the same status for several days. Could someone look into this today if possible?,medium
login,Signed out every time I refresh,"This keeps happening and I'm running out of things to try. I get an 'unexpected error' immediately after pressing Sign in. I reproduced it twice this morning. Steps: open the sign-in page, enter my email and password, press Sign in, then the page reloads without logging me in. No rush, but please check when possible.",low
search,Product missing from search,"Hello, I hope you can help. Search takes around 20 seconds before showing results. This started after the latest app update. Steps: open search, enter the product name, apply a category filter, then sort by price; the results become inconsistent. I can wait a little, but I do need this resolved. Reference: order/account details can be provided if needed. Thanks.",medium
order tracking,Wrong tracking number,I've tried this several times and it's getting frustrating. where is my order?,medium
order tracking,Package stuck in transit,"I've tried this several times and it's getting frustrating. Your order page and the carrier page show different delivery statuses. I tried both Wi-Fi and mobile data. Steps: open My Orders, select the order, open tracking, then compare the status with the carrier's tracking page. I can wait a little, but I do need this resolved.",medium
order tracking,Delivery date keeps changing,"This keeps happening and I'm running out of things to try. The tracking link in the email opens a 404 page. I also tried from another browser. I can wait a little, but I do need this resolved.",medium
payments,Refund not received,"Hello, I wanted to report a problem. The refund is marked completed in my account, but the money is not back on my card. This started after the latest app update. Steps: choose the saved card, confirm the payment, wait for authorization, then the site reports an error even though the bank shows activity. I need this fixed today because I cannot continue. Reference: order/account details can be provided if needed.",high
order tracking,Order status doesn't match carrier,"Hi, I noticed an issue. The tracking number is not recognized by the carrier. This started after the latest app update.",medium
payments,Charged twice for one order,"This is really frustrating. My bank shows the payment as approved, but your site says it was declined. Can someone sort this out?",medium
login,Login issue on mobile,"The password reset link opens, but after setting a new password I still cannot log in. It worked normally yesterday. Steps: open the sign-in page, enter my email and password, press Sign in, then the page reloads without logging me in. No rush, but please check when possible.",low
notification,Shipping email has wrong info,"I'm seeing a consistent problem with this. I disabled marketing emails, but I am still receiving them.",medium
checkout,Stuck on checkout page,I've already retried a few times with no luck. Applying a discount code makes the checkout page reload and lose my details. I tried both Wi-Fi and mobile data. It's inconvenient and I haven't been able to finish what I was trying to do.,medium
search,Filters not working,Could someone please take a look? Changing the sort order clears the filters I already selected. I reproduced it twice this morning. Thanks.,medium
login,Can't sign in,I've tried this several times and it's getting frustrating. I get an 'unexpected error' immediately after pressing Sign in.,high
search,Sorting changes my filters,"The category filter is selected, but products from other categories are still shown. I also tried from another browser. Steps: open search, enter the product name, apply a category filter, then sort by price; the results become inconsistent. I need this fixed today because I cannot continue.",high
checkout,Checkout button does nothing,"Seriously, what is going on? Applying a discount code makes the checkout page reload and lose my details. It's not blocking me right now, but I wanted to report it. Please fix this.",low
payments,Payment declined but card is valid,I've tried this several times and it's getting frustrating. Apple Pay closes after Face ID and returns me to the payment page. It worked normally yesterday. I need this fixed today because I cannot continue.,high
payments,Apple Pay failed,"Maybe I'm missing something, but this doesn't make sense. I can see two identical charges for the same purchase.",high
checkout,Checkout button does nothing,"Hi, could you please help me with this? The cart becomes empty as soon as I reach the payment step. I also tried from another browser. Steps: add an item to cart, open checkout, enter shipping details, continue to the next step, then the page stops responding. Could someone look into this today if possible? Thanks.",medium
login,Can't sign in,I requested the two-factor code several times and nothing has arrived.,medium
order tracking,Order says delivered but isn't here,"Hi, could you please help me with this? Your site says the package was delivered, but nothing was delivered to my address. I tried both Wi-Fi and mobile data. Thanks.",high
payments,Payment page error,"Hi, I noticed an issue. The card was charged, but I never received an order number or confirmation. It's not blocking me right now, but I wanted to report it.",low
checkout,Checkout won't complete,"I'm not sure if I'm doing something wrong. I can add products to the cart, but the checkout button does not move to the next step. I have not changed any account settings recently. I need someone to investigate this immediately.",critical
payments,Wrong amount charged,I've already wasted too much time on this. The payment has been showing as pending since yesterday. I'm using Chrome on Windows 11. Please fix this.,medium
search,Search is very slow,This keeps happening and I'm running out of things to try. A product I can open from my order history does not appear in search.,medium
order tracking,Wrong tracking number,I've already retried a few times with no luck. The package has been marked 'in transit' in the same location for days. Please treat this as urgent; I am completely blocked.,critical
checkout,Address rejected during checkout,"Hi, I noticed an issue. The cart becomes empty as soon as I reach the payment step. I also tried from another browser. I can work around it for now.",low
payments,Card charged but order not created,"Just reporting something I ran into. The card was charged, but I never received an order number or confirmation. I also tried from another browser. Steps: choose the saved card, confirm the payment, wait for authorization, then the site reports an error even though the bank shows activity. It's inconvenient and I haven't been able to finish what I was trying to do.",medium
login,Password reset not working,"The password reset link opens, but after setting a new password I still cannot log in. This started after the latest app update. Steps: open the sign-in page, enter my email and password, press Sign in, then the page reloads without logging me in. It's inconvenient and I haven't been able to finish what I was trying to do. Reference: order/account details can be provided if needed.",medium
payments,Apple Pay failed,"Just reporting something I ran into. My bank shows the payment as approved, but your site says it was declined. I already cleared cookies and tried again. Steps: choose the saved card, confirm the payment, wait for authorization, then the site reports an error even though the bank shows activity. This is urgent because money/order access is affected and I need immediate assistance.",critical
order tracking,Package stuck in transit,"Your site says the package was delivered, but nothing was delivered to my address. It worked normally yesterday. Steps: open My Orders, select the order, open tracking, then compare the status with the carrier's tracking page. I can work around it for now. Reference: order/account details can be provided if needed.",low
checkout,Cart resets at checkout,"The cart becomes empty as soon as I reach the payment step. I already cleared cookies and tried again. Steps: add an item to cart, open checkout, enter shipping details, continue to the next step, then the page stops responding. This is blocking my purchase and I need help as soon as possible. Reference: order/account details can be provided if needed.",high
notification,Too many notifications,"Could someone please take a look? The email says my order was cancelled, but the order page says it has shipped. I also tried from another browser. Thanks.",medium
order tracking,Wrong tracking number,I don't understand what is happening. Your order page and the carrier page show different delivery statuses. The problem happens on both desktop and mobile.,medium
login,Unable to access my account,This is really frustrating. I requested the two-factor code several times and nothing has arrived. I reproduced it twice this morning. I need someone to investigate this immediately. Please fix this.,critical
notification,Getting duplicate notifications,"Maybe I'm missing something, but this doesn't make sense. I disabled marketing emails, but I am still receiving them. I reproduced it twice this morning. Steps: place or update an order, wait for the normal email/SMS notification, then check notification settings; nothing relevant arrives. I need someone to investigate this immediately. Reference: order/account details can be provided if needed.",critical
payments,Refund not received,"Hello, I hope you can help. The payment has been showing as pending since yesterday. Thanks.",high
checkout,Checkout button does nothing,"Hello, I wanted to report a problem. My shipping address is valid but the form keeps saying it cannot be verified. I'm using Chrome on Windows 11.",low
search,Search results are irrelevant,A product I can open from my order history does not appear in search. I already cleared cookies and tried again. I can work around it for now.,low
login,Login keeps failing,"Just reporting something I ran into. The password reset link opens, but after setting a new password I still cannot log in.",low
order tracking,Tracking link is broken,"Hi, I noticed an issue. Your site says the package was delivered, but nothing was delivered to my address. I already cleared cookies and tried again.",low
checkout,Delivery option missing at checkout,I'm seeing a consistent problem with this. The cart becomes empty as soon as I reach the payment step. I also tried from another browser.,high
login,Login issue,can't get into my account,critical
payments,Payment issue,I've tried this several times and it's getting frustrating. payment problem,medium
search,Sorting changes my filters,"The category filter is selected, but products from other categories are still shown. The problem happens on both desktop and mobile. Steps: open search, enter the product name, apply a category filter, then sort by price; the results become inconsistent. I can wait a little, but I do need this resolved.",medium
payments,Card charged but order not created,"The refund is marked completed in my account, but the money is not back on my card. I have not changed any account settings recently. Steps: choose the saved card, confirm the payment, wait for authorization, then the site reports an error even though the bank shows activity. I can wait a little, but I do need this resolved. Reference: order/account details can be provided if needed.",medium
login,Account locked after login attempt,"Hi team, I'm having an issue and would appreciate some help. Login works in the browser but not in the mobile app. This happens in Safari on my iPhone. It's inconvenient and I haven't been able to finish what I was trying to do. Thanks.",medium
login,Login issue on mobile,I've tried this several times and it's getting frustrating. I requested the two-factor code several times and nothing has arrived. It's inconvenient and I haven't been able to finish what I was trying to do.,medium
login,Unable to access my account,"I've already retried a few times with no luck. The password reset link opens, but after setting a new password I still cannot log in.",critical
checkout,Promo code breaks checkout,"I don't understand what is happening. The page spins forever after I click Place order. I tried both Wi-Fi and mobile data. Steps: add an item to cart, open checkout, enter shipping details, continue to the next step, then the page stops responding. I need this fixed today because I cannot continue. Reference: order/account details can be provided if needed.",high
order tracking,Package stuck in transit,Just reporting something I ran into. The tracking number is not recognized by the carrier.,medium
payments,Card problem,payment problem,low
checkout,Checkout won't complete,"I can add products to the cart, but the checkout button does not move to the next step. I reproduced it twice this morning. Steps: add an item to cart, open checkout, enter shipping details, continue to the next step, then the page stops responding. This is preventing me from using the service. Reference: order/account details can be provided if needed.",high
search,Can't find an item I bought before,"I've already retried a few times with no luck. The category filter is selected, but products from other categories are still shown. I'm using Chrome on Windows 11. This is blocking my purchase and I need help as soon as possible.",high
notification,Shipping email has wrong info,"Hello, I wanted to report a problem. The order appears in my account, but I never received the confirmation email. I can work around it for now.",low
payments,Payment page error,payement problem,high
order tracking,Tracking link is broken,"I'm not sure if I'm doing something wrong. The tracking page has shown the same status for several days. I also tried from another browser. Steps: open My Orders, select the order, open tracking, then compare the status with the carrier's tracking page. It's not blocking me right now, but I wanted to report it. Reference: order/account details can be provided if needed.",low
payments,Card charged but order not created,I'm seeing a consistent problem with this. I can see two identical charges for the same purchase.,high
checkout,Delivery option missing at checkout,"Just reporting something I ran into. I can add products to the cart, but the checkout button does not move to the next step. I reproduced it twice this morning. This is preventing me from using the service.",high
checkout,Delivery option missing at checkout,"My shipping address is valid but the form keeps saying it cannot be verified. The problem happens on both desktop and mobile. No rush, but please check when possible.",low
login,Password reset not working,"Hi, could you please help me with this? I enter the correct email and password but the page sends me back to the sign-in screen. It worked normally yesterday. Thanks.",high
search,Product missing from search,"The category filter is selected, but products from other categories are still shown. I reproduced it twice this morning.",critical
checkout,Address rejected during checkout,I'm getting very annoyed with this. The cart becomes empty as soon as I reach the payment step. I have not changed any account settings recently. This has happened more than once.,low
login,Password reset not working,why am I locked out?,medium
payments,Payment declined but card is valid,I've tried this several times and it's getting frustrating. I can see two identical charges for the same purchase.,medium
notification,Too many notifications,"I've already retried a few times with no luck. I disabled marketing emails, but I am still receiving them. I tried both Wi-Fi and mobile data.",high
payments,Wrong amount charged,"I've tried this several times and it's getting frustrating. My bank shows the payment as approved, but your site says it was declined. I tried both Wi-Fi and mobile data. Steps: choose the saved card, confirm the payment, wait for authorization, then the site reports an error even though the bank shows activity. I can wait a little, but I do need this resolved.",medium
login,Signed out every time I refresh,Just reporting something I ran into. Login works in the browser but not in the mobile app. I'm using Chrome on Windows 11.,low
login,Login issue on mobile,"The password reset link opens, but after setting a new password I still cannot log in. I already cleared cookies and tried again. Steps: open the sign-in page, enter my email and password, press Sign in, then the page reloads without logging me in. Could someone look into this today if possible?",medium
payments,Apple Pay failed,"Maybe I'm missing something, but this doesn't make sense. My bank shows the payment as approved, but your site says it was declined. I'm using Chrome on Windows 11. Steps: choose the saved card, confirm the payment, wait for authorization, then the site reports an error even though the bank shows activity. This is blocking my purchase and I need help as soon as possible. Reference: order/account details can be provided if needed.",high
login,Account locked after login attempt,"I'm not sure if I'm doing something wrong. The password reset link opens, but after setting a new password I still cannot log in.",critical
login,2FA code never arrives,"The password reset link opens, but after setting a new password I still cannot log in. This started after the latest app update. This is blocking my purchase and I need help as soon as possible.",high
payments,Payment page error,"Hello, I wanted to report a problem. My bank shows the payment as approved, but your site says it was declined. I tried both Wi-Fi and mobile data. Steps: choose the saved card, confirm the payment, wait for authorization, then the site reports an error even though the bank shows activity. It's inconvenient and I haven't been able to finish what I was trying to do.",medium
order tracking,Tracking link is broken,"Hi team, I'm having an issue and would appreciate some help. The tracking page has shown the same status for several days. This started after the latest app update. It's not blocking me right now, but I wanted to report it. Thanks.",low
order tracking,No tracking information available,"I've already wasted too much time on this. Your order page and the carrier page show different delivery statuses. I also tried from another browser. Steps: open My Orders, select the order, open tracking, then compare the status with the carrier's tracking page. Please treat this as urgent; I am completely blocked. Reference: order/account details can be provided if needed. Can someone sort this out?",critical
payments,Wrong amount charged,card issue,medium
notification,Shipping email has wrong info,"Hi, I noticed an issue. Push notifications used to work and stopped without me changing any settings.",critical
payments,Payment page error,"I've tried this several times and it's getting frustrating. The card was charged, but I never received an order number or confirmation. I already cleared cookies and tried again. I need this fixed today because I cannot continue.",high
payments,Payment pending for too long,"Hi, I noticed an issue. The card was charged, but I never received an order number or confirmation. I already cleared cookies and tried again. This is blocking my purchase and I need help as soon as possible.",high
payments,Card charged but order not created,"Hello, I wanted to report a problem. The refund is marked completed in my account, but the money is not back on my card. I have not changed any account settings recently. Steps: choose the saved card, confirm the payment, wait for authorization, then the site reports an error even though the bank shows activity. This is blocking my purchase and I need help as soon as possible.",high
order tracking,Package stuck in transit,I don't understand what is happening. The tracking link in the email opens a 404 page.,high
notification,Wrong notification sent,This should not be this difficult. I receive the same shipping notification three or four times. The problem happens on both desktop and mobile. Can someone sort this out?,medium
checkout,Can't place my order,"Just reporting something I ran into. I can add products to the cart, but the checkout button does not move to the next step. I also tried from another browser.",low
checkout,Stuck on checkout page,"Could someone please take a look? The page spins forever after I click Place order. I also tried from another browser. Steps: add an item to cart, open checkout, enter shipping details, continue to the next step, then the page stops responding. No rush, but please check when possible. Reference: order/account details can be provided if needed. Thanks.",low
checkout,Stuck on checkout page,"I've tried this several times and it's getting frustrating. There is no delivery method available even though you normally ship to my postcode. I'm using Chrome on Windows 11. Steps: add an item to cart, open checkout, enter shipping details, continue to the next step, then the page stops responding. I need this fixed today because I cannot continue. Reference: order/account details can be provided if needed.",high
login,Login keeps failing,I've already retried a few times with no luck. I enter the correct email and password but the page sends me back to the sign-in screen. I also tried from another browser. It's inconvenient and I haven't been able to finish what I was trying to do.,medium
payments,Refund not received,"I can see two identical charges for the same purchase. I reproduced it twice this morning. Steps: choose the saved card, confirm the payment, wait for authorization, then the site reports an error even though the bank shows activity. It's inconvenient and I haven't been able to finish what I was trying to do.",medium
search,Filters not working,"Hi, I noticed an issue. Changing the sort order clears the filters I already selected. It worked normally yesterday. It's not blocking me right now, but I wanted to report it.",low
payments,Payment pending for too long,The payment has been showing as pending since yesterday. It worked normally yesterday. It's inconvenient and I haven't been able to finish what I was trying to do.,medium
payments,Card charged but order not created,"I can see two identical charges for the same purchase. I reproduced it twice this morning. Steps: choose the saved card, confirm the payment, wait for authorization, then the site reports an error even though the bank shows activity. I can wait a little, but I do need this resolved. Reference: order/account details can be provided if needed.",medium
order tracking,No tracking information available,This keeps happening and I'm running out of things to try. package???,critical
search,Sorting changes my filters,I've tried this several times and it's getting frustrating. The results page reloads whenever I scroll down. I also tried from another browser. I need this fixed today because I cannot continue.,high
checkout,Delivery option missing at checkout,i've already retried a few times with no luck. can't buy anything,medium
checkout,Checkout button does nothing,"The page spins forever after I click Place order. I tried both Wi-Fi and mobile data. Steps: add an item to cart, open checkout, enter shipping details, continue to the next step, then the page stops responding. This is preventing me from using the service. Reference: order/account details can be provided if needed.",high
search,Sorting changes my filters,"Hi, I noticed an issue. Changing the sort order clears the filters I already selected. I already cleared cookies and tried again. Steps: open search, enter the product name, apply a category filter, then sort by price; the results become inconsistent. I need this fixed today because I cannot continue. Reference: order/account details can be provided if needed.",high
login,Signed out every time I refresh,"I'm seeing a consistent problem with this. Login works in the browser but not in the mobile app. I already cleared cookies and tried again. Steps: open the sign-in page, enter my email and password, press Sign in, then the page reloads without logging me in. I need this fixed today because I cannot continue. Reference: order/account details can be provided if needed.",high
order tracking,Tracking link is broken,"Just reporting something I ran into. Your site says the package was delivered, but nothing was delivered to my address.",medium
notification,Push notifications stopped,"I'm not sure if I'm doing something wrong. The order appears in my account, but I never received the confirmation email. I have not changed any account settings recently. I can wait a little, but I do need this resolved.",medium
payments,Charged twice for one order,Just reporting something I ran into. The payment has been showing as pending since yesterday. I also tried from another browser.,high
login,Password reset not working,Just reporting something I ran into. Login works in the browser but not in the mobile app. The problem happens on both desktop and mobile.,high
notification,Too many notifications,"Seriously, what is going on? I disabled marketing emails, but I am still receiving them. I tried both Wi-Fi and mobile data. I can work around it for now. Can someone sort this out?",low
payments,Card problem,I think I got charged wrong,low
order tracking,Tracking link is broken,"The tracking link in the email opens a 404 page. It worked normally yesterday. Steps: open My Orders, select the order, open tracking, then compare the status with the carrier's tracking page. Could someone look into this today if possible?",medium
order tracking,Tracking hasn't updated,"Maybe I'm missing something, but this doesn't make sense. The tracking link in the email opens a 404 page. The problem happens on both desktop and mobile. This is blocking my purchase and I need help as soon as possible.",high
login,Password reset not working,"The password reset link opens, but after setting a new password I still cannot log in. The problem happens on both desktop and mobile.",medium
search,Search results are irrelevant,"The category filter is selected, but products from other categories are still shown. This happens in Safari on my iPhone.",high
payments,Payment pending for too long,The payment has been showing as pending since yesterday. This happens in Safari on my iPhone. This is blocking my purchase and I need help as soon as possible.,high
checkout,Can't place my order,"This keeps happening and I'm running out of things to try. I can add products to the cart, but the checkout button does not move to the next step.",medium
login,Signed out every time I refresh,"I get an 'unexpected error' immediately after pressing Sign in. I reproduced it twice this morning. Steps: open the sign-in page, enter my email and password, press Sign in, then the page reloads without logging me in. It's not blocking me right now, but I wanted to report it.",low
order tracking,No tracking information available,"I'm a bit confused by what the site is showing me. The tracking page has shown the same status for several days. The problem happens on both desktop and mobile. I can wait a little, but I do need this resolved.",medium
payments,Payment declined but card is valid,"I've already wasted too much time on this. I can see two identical charges for the same purchase. This started after the latest app update. Steps: choose the saved card, confirm the payment, wait for authorization, then the site reports an error even though the bank shows activity. I can wait a little, but I do need this resolved. I need an actual answer, not a generic response.",medium
payments,Refund not received,"I've tried this several times and it's getting frustrating. My bank shows the payment as approved, but your site says it was declined. I can wait a little, but I do need this resolved.",medium
login,Login keeps failing,"Hi, I noticed an issue. Login works in the browser but not in the mobile app. I also tried from another browser.",medium
order tracking,Order says delivered but isn't here,I'm a bit confused by what the site is showing me. The tracking number is not recognized by the carrier. This started after the latest app update.,medium
login,Login keeps failing,I've tried this several times and it's getting frustrating. I requested the two-factor code several times and nothing has arrived. I'm using Chrome on Windows 11. I need someone to investigate this immediately.,critical
login,Login issue on mobile,"Hi team, I'm having an issue and would appreciate some help. The password reset link opens, but after setting a new password I still cannot log in. I reproduced it twice this morning. This is urgent because money/order access is affected and I need immediate assistance. Thanks.",critical
search,Filters not working,"I'm seeing a consistent problem with this. The results page reloads whenever I scroll down. I'm using Chrome on Windows 11. Steps: open search, enter the product name, apply a category filter, then sort by price; the results become inconsistent. This is preventing me from using the service.",high
payments,Wrong amount charged,"The refund is marked completed in my account, but the money is not back on my card. The problem happens on both desktop and mobile. Steps: choose the saved card, confirm the payment, wait for authorization, then the site reports an error even though the bank shows activity. I can wait a little, but I do need this resolved.",medium
order tracking,Order says delivered but isn't here,"I'm getting very annoyed with this. The tracking number is not recognized by the carrier. The problem happens on both desktop and mobile. Steps: open My Orders, select the order, open tracking, then compare the status with the carrier's tracking page. It's inconvenient and I haven't been able to finish what I was trying to do. This has happened more than once.",medium
payments,Payment pending for too long,"Maybe I'm missing something, but this doesn't make sense. The refund is marked completed in my account, but the money is not back on my card. No rush, but please check when possible.",low
payments,Payment declined but card is valid,"I'm seeing a consistent problem with this. Apple Pay closes after Face ID and returns me to the payment page. I also tried from another browser. Steps: choose the saved card, confirm the payment, wait for authorization, then the site reports an error even though the bank shows activity. Could someone look into this today if possible? Reference: order/account details can be provided if needed.",medium
notification,SMS alerts not arriving,"I'm a bit confused by what the site is showing me. Push notifications used to work and stopped without me changing any settings. It worked normally yesterday. Steps: place or update an order, wait for the normal email/SMS notification, then check notification settings; nothing relevant arrives. I need this fixed today because I cannot continue. Reference: order/account details can be provided if needed.",high
payments,Payment declined but card is valid,"This keeps happening and I'm running out of things to try. My bank shows the payment as approved, but your site says it was declined. This started after the latest app update. I can wait a little, but I do need this resolved.",medium
search,Filters not working,"Hello, I wanted to report a problem. A product I can open from my order history does not appear in search. I also tried from another browser. This is urgent because money/order access is affected and I need immediate assistance.",critical
payments,Payment page error,"I've already retried a few times with no luck. My bank shows the payment as approved, but your site says it was declined. I need someone to investigate this immediately.",critical
search,Can't find an item I bought before,Searching for an exact product name returns unrelated items. I already cleared cookies and tried again. This is urgent because money/order access is affected and I need immediate assistance.,critical
payments,Payment pending for too long,I've tried this several times and it's getting frustrating. I can see two identical charges for the same purchase. I can work around it for now.,low
payments,Charged twice for one order,"I don't understand what is happening. The payment has been showing as pending since yesterday. I already cleared cookies and tried again. Steps: choose the saved card, confirm the payment, wait for authorization, then the site reports an error even though the bank shows activity. It's inconvenient and I haven't been able to finish what I was trying to do. Reference: order/account details can be provided if needed.",medium
payments,Refund not received,I've tried this several times and it's getting frustrating. Apple Pay closes after Face ID and returns me to the payement page.,medium
search,Search page keeps reloading,"The category filter is selected, but products from other categories are still shown. It worked normally yesterday. I need someone to investigate this immediately.",critical
login,Login issue,sign in doesn't work,high
notification,SMS alerts not arriving,I've tried this several times and it's getting frustrating. Push notifications used to work and stopped without me changing any settings.,low
login,Login keeps failing,"Hi, could you please help me with this? The account says it is locked even though I only tried to sign in once today. Thanks.",low
login,Signed out every time I refresh,"I'm seeing a consistent problem with this. I enter the correct email and password but the page sends me back to the sign-in screen. I also tried from another browser. Steps: open the sign-in page, enter my email and password, press Sign in, then the page reloads without logging me in. I can wait a little, but I do need this resolved. Reference: order/account details can be provided if needed.",medium
checkout,Can't place my order,"I can add products to the cart, but the checkout button does not move to the next step. It's inconvenient and I haven't been able to finish what I was trying to do.",medium
login,Login issue on mobile,why am I locked out?,high
notification,Again: Getting duplicate notifications,This should not be this difficult. I receive the same shipping notification three or four times. This is blocking my purchase and I need help as soon as possible. Can someone sort this out?,high
notification,Order confirmation email missing,"I disabled marketing emails, but I am still receiving them. I already cleared cookies and tried again. It's not blocking me right now, but I wanted to report it.",low
checkout,Promo code breaks checkout,The cart becomes empty as soon as I reach the payment step. This started after the latest app update. This is blocking my purchase and I need help as soon as possible.,high
notification,Getting duplicate notifications,"The email says my order was cancelled, but the order page says it has shipped. This happens in Safari on my iPhone.",critical
checkout,Delivery option missing at checkout,"Hello, I wanted to report a problem. The page spins forever after I click Place order. I reproduced it twice this morning. This is urgent because money/order access is affected and I need immediate assistance.",critical
order tracking,Delivery date keeps changing,"The tracking page has shown the same status for several days. I already cleared cookies and tried again. Steps: open My Orders, select the order, open tracking, then compare the status with the carrier's tracking page. I can wait a little, but I do need this resolved.",medium
search,Filters not working,"Seriously, what is going on? Search takes around 20 seconds before showing results. I tried both Wi-Fi and mobile data. Steps: open search, enter the product name, apply a category filter, then sort by price; the results become inconsistent. This is blocking my purchase and I need help as soon as possible. Reference: order/account details can be provided if needed. Please fix this.",high
payments,Charged twice for one order,I think I got charged wrong,high
login,Account locked after login attempt,"Hello, I wanted to report a problem. I get an 'unexpected error' immediately after pressing Sign in. I tried both Wi-Fi and mobile data.",low
payments,Charged twice for one order,This keeps happening and I'm running out of things to try. The payment has been showing as pending since yesterday. I also tried from another browser. This is blocking my purchase and I need help as soon as possible.,high
payments,Apple Pay failed,"Could someone please take a look? I can see two identical charges for the same purchase. I already cleared cookies and tried again. No rush, but please check when possible. Thanks.",low
checkout,Can't place my order,"This keeps happening and I'm running out of things to try. I can add products to the cart, but the checkout button does not move to the next step. I'm using Chrome on Windows 11. I need this fixed today because I cannot continue.",high
login,Unable to access my account,"I've tried this several times and it's getting frustrating. I get an 'unexpected error' immediately after pressing Sign in. It worked normally yesterday. No rush, but please check when possible.",low
order tracking,Tracking hasn't updated,"just reporting something i ran into. the tracking page has shown the same status for several days. i can wait a little, but i do need this resolved.",medium
checkout,Checkout button does nothing,I'm a bit confused by what the site is showing me. Applying a discount code makes the checkout page reload and lose my details. I tried both Wi-Fi and mobile data. I can work around it for now.,low
payments,Payment page error,"Hello, I wanted to report a problem. The payment has been showing as pending since yesterday.",medium
order tracking,Wrong tracking number,no update on delivery,medium
order tracking,Package stuck in transit,"The tracking page has shown the same status for several days. I also tried from another browser. Steps: open My Orders, select the order, open tracking, then compare the status with the carrier's tracking page. I can wait a little, but I do need this resolved.",medium
checkout,Checkout button does nothing,"Could someone please take a look? I can add products to the cart, but the checkout button does not move to the next step. I have not changed any account settings recently. Steps: add an item to cart, open checkout, enter shipping details, continue to the next step, then the page stops responding. I can wait a little, but I do need this resolved. Reference: order/account details can be provided if needed. Thanks.",medium
payments,Card charged but order not created,"Hi, I noticed an issue. The refund is marked completed in my account, but the money is not back on my card.",medium
payments,Charged twice for one order,"Hi, I noticed an issue. Apple Pay closes after Face ID and returns me to the payment page. I need someone to investigate this immediately.",critical
checkout,Checkout button does nothing,"This keeps happening and I'm running out of things to try. My shipping address is valid but the form keeps saying it cannot be verified. I also tried from another browser. Steps: add an item to cart, open checkout, enter shipping details, continue to the next step, then the page stops responding. Could someone look into this today if possible?",medium
notification,Can't turn off marketing emails,"This keeps happening and I'm running out of things to try. I receive the same shipping notification three or four times. I already cleared cookies and tried again. Steps: place or update an order, wait for the normal email/SMS notification, then check notification settings; nothing relevant arrives. This is blocking my purchase and I need help as soon as possible.",high
order tracking,Order status doesn't match carrier,I've tried this several times and it's getting frustrating. The tracking page has shown the same status for several days.,medium
checkout,Checkout problem,stuck trying to order,low
login,Unable to access my account,"Maybe I'm missing something, but this doesn't make sense. The account says it is locked even though I only tried to sign in once today. I already cleared cookies and tried again. No rush, but please check when possible.",low
order tracking,URGENT: No tracking information available,"Seriously, what is going on? The tracking number is not recognized by the carrier. This started after the latest app update. Could someone look into this today if possible? Please fix this.",medium
order tracking,Tracking issue,where is my order?,high
checkout,Cart resets at checkout,I've already retried a few times with no luck. The cart becomes empty as soon as I reach the payment step. This is urgent because money/order access is affected and I need immediate assistance.,critical
login,Signed out every time I refresh,I'm not sure if I'm doing something wrong. I get an 'unexpected error' immediately after pressing Sign in. I have not changed any account settings recently. This is preventing me from using the service.,high
search,Filters not working,"The results page reloads whenever I scroll down. I can wait a little, but I do need this resolved.",medium
payments,Refund not received,"The card was charged, but I never received an order number or confirmation.",medium
search,Search results are irrelevant,"Hi, I noticed an issue. Search takes around 20 seconds before showing results. It worked normally yesterday. Steps: open search, enter the product name, apply a category filter, then sort by price; the results become inconsistent. It's inconvenient and I haven't been able to finish what I was trying to do.",medium
notification,Getting duplicate notifications,"I'm seeing a consistent problem with this. Push notifications used to work and stopped without me changing any settings. It worked normally yesterday. No rush, but please check when possible.",low
checkout,Checkout button does nothing,"I don't understand what is happening. There is no delivery method available even though you normally ship to my postcode. I reproduced it twice this morning. Steps: add an item to cart, open checkout, enter shipping details, continue to the next step, then the page stops responding. Could someone look into this today if possible? Reference: order/account details can be provided if needed.",medium
login,Login issue on mobile,This keeps happening and I'm running out of things to try. I enter the correct email and password but the page sends me back to the sign-in screen. I already cleared cookies and tried again. This is urgent because money/order access is affected and I need immediate assistance.,critical
login,Can't log in,login broken,low
order tracking,Tracking hasn't updated,"Just reporting something I ran into. Your order page and the carrier page show different delivery statuses. I'm using Chrome on Windows 11. It's not blocking me right now, but I wanted to report it.",low
login,2FA code never arrives,"I've already retried a few times with no luck. The account says it is locked even though I only tried to sign in once today. I already cleared cookies and tried again. Steps: open the sign-in page, enter my email and password, press Sign in, then the page reloads without logging me in. Please treat this as urgent; I am completely blocked.",critical
order tracking,Delivery date keeps changing,"Your site says the package was delivered, but nothing was delivered to my address. I have not changed any account settings recently.",high
checkout,Can't place my order,This keeps happening and I'm running out of things to try. There is no delivery method available even though you normally ship to my postcode.,critical
payments,Wrong amount charged,"The card was charged, but I never received an order number or confirmation.",low
order tracking,Tracking issue,where is my order?,medium
order tracking,Tracking link is broken,"Hello, I hope you can help. Your site says the package was delivered, but nothing was delivered to my address. I tried both Wi-Fi and mobile data. I can wait a little, but I do need this resolved. Thanks.",medium
search,Search results are irrelevant,"I've tried this several times and it's getting frustrating. Searching for an exact product name returns unrelated items. I already cleared cookies and tried again. Steps: open search, enter the product name, apply a category filter, then sort by price; the results become inconsistent. Could someone look into this today if possible?",medium
order tracking,Tracking hasn't updated,"The package has been marked 'in transit' in the same location for days. This started after the latest app update. I can wait a little, but I do need this resolved.",medium
notification,Email issue,too many alerts,medium
search,Filters not working,"The category filter is selected, but products from other categories are still shown. I have not changed any account settings recently. Steps: open search, enter the product name, apply a category filter, then sort by price; the results become inconsistent. I need this fixed today because I cannot continue. Reference: order/account details can be provided if needed.",high
checkout,Stuck on checkout page,"The page spins forever after I click Place order. I reproduced it twice this morning. Steps: add an item to cart, open checkout, enter shipping details, continue to the next step, then the page stops responding. Please treat this as urgent; I am completely blocked. Reference: order/account details can be provided if needed.",critical
order tracking,Tracking hasn't updated,"Hello, I hope you can help. Your order page and the carrier page show different delivery statuses. Thanks.",high
search,Can't find product,search doesn't work,low
login,Unable to access my account,"I'm a bit confused by what the site is showing me. I enter the correct email and password but the page sends me back to the sign-in screen. This happens in Safari on my iPhone. Steps: open the sign-in page, enter my email and password, press Sign in, then the page reloads without logging me in. I can wait a little, but I do need this resolved.",medium
search,Product missing from search,A product I can open from my order history does not appear in search. I tried both Wi-Fi and mobile data. I need this fixed today because I cannot continue.,high
login,Can't log in,sign in doesn't work,high
order tracking,Package stuck in transit,"Your order page and the carrier page show different delivery statuses. I tried both Wi-Fi and mobile data. I can wait a little, but I do need this resolved.",medium
notification,Can't turn off marketing emails,I'm seeing a consistent problem with this. SMS notifications stopped arriving even though my phone number is correct. Please treat this as urgent; I am completely blocked.,critical
payments,Refund not received,"Hi team, I'm having an issue and would appreciate some help. The card was charged, but I never received an order number or confirmation. I reproduced it twice this morning. Steps: choose the saved card, confirm the payment, wait for authorization, then the site reports an error even though the bank shows activity. I can wait a little, but I do need this resolved. Thanks.",medium
login,Can't sign in,"hi, could you please help me with this? i enter the correct email and password but the page sends me back to the sign-in screen. no rush, but please check when possible. thanks.",low
payments,Refund not received,"My bank shows the payment as approved, but your site says it was declined. I reproduced it twice this morning. Steps: choose the saved card, confirm the payment, wait for authorization, then the site reports an error even though the bank shows activity. I can wait a little, but I do need this resolved.",medium
search,Search page keeps reloading,"I'm not sure if I'm doing something wrong. The results page reloads whenever I scroll down. I already cleared cookies and tried again. Steps: open search, enter the product name, apply a category filter, then sort by price; the results become inconsistent. This is preventing me from using the service.",high
search,Sorting changes my filters,"The category filter is selected, but products from other categories are still shown. I have not changed any account settings recently. I need this fixed today because I cannot continue.",high
login,Login issue on mobile,"Hello, I wanted to report a problem. The password reset link opens, but after setting a new password I still cannot log in.",medium
login,Still broken: Login keeps failing,why am I locked out?,low
payments,Charged twice for one order,"Maybe I'm missing something, but this doesn't make sense. Apple Pay closes after Face ID and returns me to the payment page. I reproduced it twice this morning. It's not blocking me right now, but I wanted to report it.",low
login,Unable to access my account,I don't understand what is happening. I requested the two-factor code several times and nothing has arrived. This happens in Safari on my iPhone.,high
search,Sorting changes my filters,results are weird,high
login,2FA code never arrives,"I'm a bit confused by what the site is showing me. I requested the two-factor code several times and nothing has arrived. I tried both Wi-Fi and mobile data. Steps: open the sign-in page, enter my email and password, press Sign in, then the page reloads without logging me in. This is preventing me from using the service. Reference: order/account details can be provided if needed.",high
order tracking,Tracking link is broken,"Could someone please take a look? Your site says the package was delivered, but nothing was delivered to my address. I reproduced it twice this morning. It's not blocking me right now, but I wanted to report it. Thanks.",low
payments,Card charged but order not created,"Hi, I noticed an issue. The refund is marked completed in my account, but the money is not back on my card. This is blocking my purchase and I need help as soon as possible.",high
notification,Shipping email has wrong info,Push notifications used to work and stopped without me changing any settings.,medium
checkout,Promo code breaks checkout,"Hello, I hope you can help. My shipping address is valid but the form keeps saying it cannot be verified. This happens in Safari on my iPhone. Steps: add an item to cart, open checkout, enter shipping details, continue to the next step, then the page stops responding. I can work around it for now. Reference: order/account details can be provided if needed. Thanks.",low
order tracking,Package stuck in transit,I'm not sure if I'm doing something wrong. The package has been marked 'in transit' in the same location for days. I already cleared cookies and tried again. It's inconvenient and I haven't been able to finish what I was trying to do.,medium
order tracking,Tracking link is broken,I've tried this several times and it's getting frustrating. The tracking page has shown the same status for several days. I already cleared cookies and tried again. This is blocking my purchase and I need help as soon as possible.,high
payments,Wrong amount charged,"Seriously, what is going on? Apple Pay closes after Face ID and returns me to the payment page. This happens in Safari on my iPhone. This is preventing me from using the service. Can someone sort this out?",high
order tracking,Package stuck in transit,This keeps happening and I'm running out of things to try. The tracking page has shown the same status for several days.,medium
order tracking,Order says delivered but isn't here,"Hello, I wanted to report a problem. The tracking number is not recognized by the carrier. Could someone look into this today if possible?",medium
checkout,Checkout button does nothing,checkout not working pls fix,critical
checkout,Can't place my order,This keeps happening and I'm running out of things to try. My shipping address is valid but the form keeps saying it cannot be verified.,medium
order tracking,Again: Delivery date keeps changing,"I've already wasted too much time on this. The package has been marked 'in transit' in the same location for days. I have not changed any account settings recently. Steps: open My Orders, select the order, open tracking, then compare the status with the carrier's tracking page. This is preventing me from using the service. This has happened more than once.",high
search,Search page keeps reloading,Could someone please take a look? The results page reloads whenever I scroll down. I reproduced it twice this morning. Could someone look into this today if possible? Thanks.,medium
payments,Payment page error,payment failed again,medium
checkout,Checkout problem,This keeps happening and I'm running out of things to try. checkout not working pls fix,medium
checkout,Delivery option missing at checkout,"The cart becomes empty as soon as I reach the payment step. I tried both Wi-Fi and mobile data. Steps: add an item to cart, open checkout, enter shipping details, continue to the next step, then the page stops responding. I need this fixed today because I cannot continue.",high
order tracking,No tracking information available,"Hi, I noticed an issue. The package has been marked 'in transit' in the same location for days. This happens in Safari on my iPhone. I can wait a little, but I do need this resolved.",medium
search,Search results are irrelevant,"Hello, I hope you can help. Searching for an exact product name returns unrelated items. This started after the latest app update. I need this fixed today because I cannot continue. Thanks.",high
payments,Charged twice for one order,"Could someone please take a look? The refund is marked completed in my account, but the money is not back on my card. Thanks.",high
login,Login issue on mobile,I've tried this several times and it's getting frustrating. Login works in the browser but not in the mobile app. I have not changed any account settings recently.,critical
order tracking,Order status doesn't match carrier,"I'm a bit confused by what the site is showing me. The tracking page has shown the same status for several days. It's not blocking me right now, but I wanted to report it.",low
login,Account locked after login attempt,"Maybe I'm missing something, but this doesn't make sense. I enter the correct email and password but the page sends me back to the sign-in screen. This started after the latest app update. I need someone to investigate this immediately.",critical
order tracking,Order says delivered but isn't here,"Your site says the package was delivered, but nothing was delivered to my address.",medium
payments,Refund not received,"This keeps happening and I'm running out of things to try. The refund is marked completed in my account, but the money is not back on my card. I'm using Chrome on Windows 11.",high
payments,Card charged but order not created,I can see two identical charges for the same purchase. Please treat this as urgent; I am completely blocked.,critical
order tracking,Still broken: Order status doesn't match carrier,"I'm getting very annoyed with this. Your order page and the carrier page show different delivery statuses. I tried both Wi-Fi and mobile data. Steps: open My Orders, select the order, open tracking, then compare the status with the carrier's tracking page. This is preventing me from using the service. Reference: order/account details can be provided if needed. I need an actual answer, not a generic response.",high
search,Can't find an item I bought before,"Searching for an exact product name returns unrelated items. I'm using Chrome on Windows 11. Steps: open search, enter the product name, apply a category filter, then sort by price; the results become inconsistent. It's inconvenient and I haven't been able to finish what I was trying to do. Reference: order/account details can be provided if needed.",medium
search,Search returns no results,Changing the sort order clears the filters I already selected.,low
checkout,Delivery option missing at checkout,can't buy anything,high
checkout,Promo code breaks checkout,I've tried this several times and it's getting frustrating. The cart becomes empty as soon as I reach the payment step.,high
checkout,Checkout problem,stuck trying to order,medium
payments,Card problem,payment failed again,critical
notification,Getting duplicate notifications,not getting messages,medium
order tracking,Order status doesn't match carrier,I've already wasted too much time on this. The package has been marked 'in transit' in the same location for days. Please fix this.,medium
order tracking,Wrong tracking number,"hi, i noticed an issue. the tracking link in the email opens a 404 page.",high
order tracking,No tracking information available,The tracking link in the email opens a 404 page. I reproduced it twice this morning. Could someone look into this today if possible?,medium
order tracking,Wrong tracking number,"The tracking link in the email opens a 404 page. The problem happens on both desktop and mobile. Steps: open My Orders, select the order, open tracking, then compare the status with the carrier's tracking page. This is urgent because money/order access is affected and I need immediate assistance. Reference: order/account details can be provided if needed.",critical
order tracking,Still broken: Tracking link is broken,"I've already wasted too much time on this. Your order page and the carrier page show different delivery statuses. This happens in Safari on my iPhone. Steps: open My Orders, select the order, open tracking, then compare the status with the carrier's tracking page. It's inconvenient and I haven't been able to finish what I was trying to do. Reference: order/account details can be provided if needed. I need an actual answer, not a generic response.",medium
search,Search results are irrelevant,"I've already retried a few times with no luck. Changing the sort order clears the filters I already selected. I'm using Chrome on Windows 11. Steps: open search, enter the product name, apply a category filter, then sort by price; the results become inconsistent. I need this fixed today because I cannot continue. Reference: order/account details can be provided if needed.",high
notification,Order confirmation email missing,emails not working,critical
checkout,Checkout button does nothing,"Hello, I wanted to report a problem. I can add products to the cart, but the checkout button does not move to the next step. I have not changed any account settings recently. It's not blocking me right now, but I wanted to report it.",low
payments,Wrong amount charged,"The refund is marked completed in my account, but the money is not back on my card. This started after the latest app update. This is blocking my purchase and I need help as soon as possible.",high
payments,Payment pending for too long,"The card was charged, but I never received an order number or confirmation. I reproduced it twice this morning. Could someone look into this today if possible?",medium
search,Search results are irrelevant,"Hi, could you please help me with this? A product I can open from my order history does not appear in search. This started after the latest app update. Thanks.",high
search,Sorting changes my filters,This should not be this difficult. results are weird Can someone sort this out?,high
payments,Apple Pay failed,"Apple Pay closes after Face ID and returns me to the payment page. I tried both Wi-Fi and mobile data. Steps: choose the saved card, confirm the payment, wait for authorization, then the site reports an error even though the bank shows activity. It's inconvenient and I haven't been able to finish what I was trying to do.",medium
notification,Order confirmation email missing,"Hi, I noticed an issue. The email says my order was cancelled, but the order page says it has shipped. The problem happens on both desktop and mobile. It's not blocking me right now, but I wanted to report it.",low
payments,Apple Pay failed,"I've tried this several times and it's getting frustrating. The refund is marked completed in my account, but the money is not back on my card. It worked normally yesterday. Steps: choose the saved card, confirm the payment, wait for authorization, then the site reports an error even though the bank shows activity. I can wait a little, but I do need this resolved. Reference: order/account details can be provided if needed.",medium
notification,Getting duplicate notifications,"I disabled marketing emails, but I am still receiving them. I have not changed any account settings recently. This is blocking my purchase and I need help as soon as possible.",high
notification,Too many notifications,"This keeps happening and I'm running out of things to try. Push notifications used to work and stopped without me changing any settings. The problem happens on both desktop and mobile. I can wait a little, but I do need this resolved.",medium
order tracking,No tracking information available,I've already retried a few times with no luck. The tracking page has shown the same status for several days. This happens in Safari on my iPhone. Could someone look into this today if possible?,medium
order tracking,Tracking hasn't updated,I don't understand what is happening. The package has been marked 'in transit' in the same location for days. I'm using Chrome on Windows 11.,high
checkout,Checkout button does nothing,"Hi team, I'm having an issue and would appreciate some help. The cart becomes empty as soon as I reach the payment step. I already cleared cookies and tried again. It's inconvenient and I haven't been able to finish what I was trying to do. Thanks.",medium
order tracking,Where is my order?,where is my order?,high
payments,Payment pending for too long,"I've tried this several times and it's getting frustrating. The payment has been showing as pending since yesterday. It worked normally yesterday. Steps: choose the saved card, confirm the payment, wait for authorization, then the site reports an error even though the bank shows activity. Could someone look into this today if possible?",medium
order tracking,Order says delivered but isn't here,"I've tried this several times and it's getting frustrating. The tracking link in the email opens a 404 page. I already cleared cookies and tried again. Steps: open My Orders, select the order, open tracking, then compare the status with the carrier's tracking page. I can work around it for now.",low
payments,Payment issue,card issue,medium
checkout,Checkout problem,stuck trying to order,medium
checkout,Delivery option missing at checkout,"Hi, I noticed an issue. Applying a discount code makes the checkout page reload and lose my details. I'm using Chrome on Windows 11.",medium
payments,Payment page error,"My bank shows the payment as approved, but your site says it was declined.",high
search,Search page keeps reloading,"Maybe I'm missing something, but this doesn't make sense. The category filter is selected, but products from other categories are still shown. This is preventing me from using the service.",high
checkout,Cart resets at checkout,I'm not sure if I'm doing something wrong. There is no delivery method available even though you normally ship to my postcode. This happens in Safari on my iPhone. Could someone look into this today if possible?,medium
checkout,Delivery option missing at checkout,"This keeps happening and I'm running out of things to try. The cart becomes empty as soon as I reach the payment step. I'm using Chrome on Windows 11. Steps: add an item to cart, open checkout, enter shipping details, continue to the next step, then the page stops responding. Could someone look into this today if possible?",medium
search,Search returns no results,This should not be this difficult. Changing the sort order clears the filters I already selected. I tried both Wi-Fi and mobile data. Could someone look into this today if possible? Please fix this.,medium
search,Product missing from search,"This keeps happening and I'm running out of things to try. Searching for an exact product name returns unrelated items. I'm using Chrome on Windows 11. Steps: open search, enter the product name, apply a category filter, then sort by price; the results become inconsistent. Could someone look into this today if possible?",medium
checkout,Address rejected during checkout,"This keeps happening and I'm running out of things to try. There is no delivery method available even though you normally ship to my postcode. This started after the latest app update. Steps: add an item to cart, open checkout, enter shipping details, continue to the next step, then the page stops responding. I can wait a little, but I do need this resolved.",medium
search,Sorting changes my filters,"I'm getting very annoyed with this. A product I can open from my order history does not appear in search. It worked normally yesterday. I can wait a little, but I do need this resolved. Can someone sort this out?",medium
order tracking,Package stuck in transit,"Just reporting something I ran into. The package has been marked 'in transit' in the same location for days. I have not changed any account settings recently. Steps: open My Orders, select the order, open tracking, then compare the status with the carrier's tracking page. Could someone look into this today if possible?",medium
search,Filters not working,"I'm not sure if I'm doing something wrong. The category filter is selected, but products from other categories are still shown. The problem happens on both desktop and mobile. I can wait a little, but I do need this resolved.",medium
notification,SMS alerts not arriving,"The order appears in my account, but I never received the confirmation email. It worked normally yesterday. It's inconvenient and I haven't been able to finish what I was trying to do.",medium
checkout,Checkout button does nothing,"This keeps happening and I'm running out of things to try. My shipping address is valid but the form keeps saying it cannot be verified. It worked normally yesterday. Steps: add an item to cart, open checkout, enter shipping details, continue to the next step, then the page stops responding. No rush, but please check when possible. Reference: order/account details can be provided if needed.",low
payments,Wrong amount charged,"This should not be this difficult. My bank shows the payment as approved, but your site says it was declined. It worked normally yesterday. I need someone to investigate this immediately. I need an actual answer, not a generic response.",critical
order tracking,Tracking hasn't updated,This keeps happening and I'm running out of things to try. The tracking number is not recognized by the carrier.,high
login,Signed out every time I refresh,I don't understand what is happening. I requested the two-factor code several times and nothing has arrived. I'm using Chrome on Windows 11. I need someone to investigate this immediately.,critical
login,Login issue on mobile,I'm a bit confused by what the site is showing me. Login works in the browser but not in the mobile app. Could someone look into this today if possible?,medium
payments,Wrong amount charged,"Hi team, I'm having an issue and would appreciate some help. The card was charged, but I never received an order number or confirmation. This started after the latest app update. I can wait a little, but I do need this resolved. Thanks.",medium
order tracking,Tracking hasn't updated,tracking is wrong,high
login,Account locked after login attempt,"I've already retried a few times with no luck. The account says it is locked even though I only tried to sign in once today. It worked normally yesterday. Steps: open the sign-in page, enter my email and password, press Sign in, then the page reloads without logging me in. No rush, but please check when possible.",low
order tracking,Order status doesn't match carrier,"Your order page and the carrier page show different delivery statuses. I already cleared cookies and tried again. Steps: open My Orders, select the order, open tracking, then compare the status with the carrier's tracking page. This is blocking my purchase and I need help as soon as possible. Reference: order/account details can be provided if needed.",high
checkout,Stuck on checkout page,This keeps happening and I'm running out of things to try. Applying a discount code makes the checkout page reload and lose my details.,medium
search,Search results are irrelevant,Searching for an exact product name returns unrelated items. I also tried from another browser. This is preventing me from using the service.,high
payments,Still broken: Payment pending for too long,"I'm getting very annoyed with this. I can see two identical charges for the same purchase. I have not changed any account settings recently. Steps: choose the saved card, confirm the payment, wait for authorization, then the site reports an error even though the bank shows activity. I need someone to investigate this immediately. Reference: order/account details can be provided if needed. This has happened more than once.",critical
notification,Getting duplicate notifications,"Just reporting something I ran into. The email says my order was cancelled, but the order page says it has shipped. I reproduced it twice this morning. Could someone look into this today if possible?",medium
search,Search is very slow,"This is really frustrating. Search takes around 20 seconds before showing results. The problem happens on both desktop and mobile. Steps: open search, enter the product name, apply a category filter, then sort by price; the results become inconsistent. I need this fixed today because I cannot continue. Reference: order/account details can be provided if needed. Can someone sort this out?",high
payments,Payment declined but card is valid,"Hello, I wanted to report a problem. The card was charged, but I never received an order number or confirmation. I tried both Wi-Fi and mobile data. I can work around it for now.",low
login,Password reset not working,"Maybe I'm missing something, but this doesn't make sense. The account says it is locked even though I only tried to sign in once today. I'm using Chrome on Windows 11. It's inconvenient and I haven't been able to finish what I was trying to do.",medium
order tracking,Tracking link is broken,"Your site says the package was delivered, but nothing was delivered to my address. It's inconvenient and I haven't been able to finish what I was trying to do.",medium
payments,Payment pending for too long,"Hi, could you please help me with this? The payment has been showing as pending since yesterday. I already cleared cookies and tried again. Steps: choose the saved card, confirm the payment, wait for authorization, then the site reports an error even though the bank shows activity. Please treat this as urgent; I am completely blocked. Reference: order/account details can be provided if needed. Thanks.",critical
order tracking,No tracking information available,Just reporting something I ran into. The package has been marked 'in transit' in the same location for days. It worked normally yesterday. Could someone look into this today if possible?,medium
search,Can't find an item I bought before,"Seriously, what is going on? The results page reloads whenever I scroll down. This started after the latest app update. This has happened more than once.",low
search,Search returns no results,"This should not be this difficult. The category filter is selected, but products from other categories are still shown. No rush, but please check when possible. This has happened more than once.",low
checkout,Delivery option missing at checkout,The cart becomes empty as soon as I reach the payment step. This happens in Safari on my iPhone. I can work around it for now.,low
login,2FA code never arrives,"This is really frustrating. The password reset link opens, but after setting a new password I still cannot log in. I also tried from another browser. Can someone sort this out?",high
notification,SMS alerts not arriving,"Hi, I noticed an issue. SMS notifications stopped arriving even though my phone number is correct. I also tried from another browser. Steps: place or update an order, wait for the normal email/SMS notification, then check notification settings; nothing relevant arrives. I need this fixed today because I cannot continue. Reference: order/account details can be provided if needed.",high
payments,Wrong amount charged,"I can see two identical charges for the same purchase. I tried both Wi-Fi and mobile data. Steps: choose the saved card, confirm the payment, wait for authorization, then the site reports an error even though the bank shows activity. I need this fixed today because I cannot continue.",high
login,Login issue on mobile,"Login works in the browser but not in the mobile app. I tried both Wi-Fi and mobile data. Steps: open the sign-in page, enter my email and password, press Sign in, then the page reloads without logging me in. It's not blocking me right now, but I wanted to report it. Reference: order/account details can be provided if needed.",low
payments,Card charged but order not created,"Apple Pay closes after Face ID and returns me to the payment page. This started after the latest app update. Steps: choose the saved card, confirm the payment, wait for authorization, then the site reports an error even though the bank shows activity. It's not blocking me right now, but I wanted to report it.",low
order tracking,Wrong tracking number,"I don't understand what is happening. The tracking number is not recognized by the carrier. I already cleared cookies and tried again. I can wait a little, but I do need this resolved.",medium
login,Unable to access my account,"I don't understand what is happening. I requested the two-factor code several times and nothing has arrived. The problem happens on both desktop and mobile. Steps: open the sign-in page, enter my email and password, press Sign in, then the page reloads without logging me in. It's inconvenient and I haven't been able to finish what I was trying to do.",medium
login,Password reset not working,"Hello, I wanted to report a problem. I enter the correct email and password but the page sends me back to the sign-in screen. I'm using Chrome on Windows 11.",medium
notification,Order confirmation email missing,I'm getting very annoyed with this. SMS notifications stopped arriving even though my phone number is correct. I have not changed any account settings recently. This has happened more than once.,high
payments,Charged twice for one order,"Hello, I hope you can help. The payment has been showing as pending since yesterday. I already cleared cookies and tried again. I can wait a little, but I do need this resolved. Thanks.",medium
order tracking,Tracking link is broken,This keeps happening and I'm running out of things to try. The tracking page has shown the same status for several days. It worked normally yesterday. Please treat this as urgent; I am completely blocked.,critical
checkout,Address rejected during checkout,"Hello, I hope you can help. I can add products to the cart, but the checkout button does not move to the next step. I reproduced it twice this morning. This is blocking my purchase and I need help as soon as possible. Thanks.",high
payments,Refund not received,The payment has been showing as pending since yesterday. The problem happens on both desktop and mobile. I can work around it for now.,low
order tracking,Delivery date keeps changing,I've tried this several times and it's getting frustrating. where is my order?,medium
checkout,Promo code breaks checkout,"I'm a bit confused by what the site is showing me. Applying a discount code makes the checkout page reload and lose my details. This started after the latest app update. I can wait a little, but I do need this resolved.",medium
search,Can't find an item I bought before,I'm not sure if I'm doing something wrong. The results page reloads whenever I scroll down. It worked normally yesterday. This is preventing me from using the service.,high
login,Signed out every time I refresh,I requested the two-factor code several times and nothing has arrived. I also tried from another browser. Could someone look into this today if possible?,medium
checkout,Cart resets at checkout,I've tried this several times and it's getting frustrating. The page spins forever after I click Place order. I tried both Wi-Fi and mobile data. It's inconvenient and I haven't been able to finish what I was trying to do.,medium
order tracking,Tracking link is broken,"I'm seeing a consistent problem with this. Your site says the package was delivered, but nothing was delivered to my address. This started after the latest app update. It's inconvenient and I haven't been able to finish what I was trying to do.",medium
order tracking,Delivery date keeps changing,"Hi, I noticed an issue. The tracking number is not recognized by the carrier. This happens in Safari on my iPhone.",high
notification,SMS alerts not arriving,"Hello, I hope you can help. I disabled marketing emails, but I am still receiving them. Thanks.",medium
login,2FA code never arrives,I'm seeing a consistent problem with this. I get an 'unexpected error' immediately after pressing Sign in. I tried both Wi-Fi and mobile data.,low
search,Search returns no results,"I'm seeing a consistent problem with this. The category filter is selected, but products from other categories are still shown. It worked normally yesterday. Steps: open search, enter the product name, apply a category filter, then sort by price; the results become inconsistent. I can wait a little, but I do need this resolved. Reference: order/account details can be provided if needed.",medium
search,Product missing from search,"I'm a bit confused by what the site is showing me. Search takes around 20 seconds before showing results. I reproduced it twice this morning. Steps: open search, enter the product name, apply a category filter, then sort by price; the results become inconsistent. It's inconvenient and I haven't been able to finish what I was trying to do.",medium
notification,Getting duplicate notifications,too many alerts,high
order tracking,URGENT: Order says delivered but isn't here,"This is really frustrating. no update on delivery I need an actual answer, not a generic response.",medium
checkout,Delivery option missing at checkout,My shipping address is valid but the form keeps saying it cannot be verified.,medium
notification,Too many notifications,"I disabled marketing emails, but I am still receiving them. I'm using Chrome on Windows 11. It's inconvenient and I haven't been able to finish what I was trying to do.",medium
order tracking,No tracking information available,This should not be this difficult. The tracking link in the email opens a 404 page. I have not changed any account settings recently. Could someone look into this today if possible? Please fix this.,medium
search,Search returns no results,"A product I can open from my order history does not appear in search. I tried both Wi-Fi and mobile data. Steps: open search, enter the product name, apply a category filter, then sort by price; the results become inconsistent. Could someone look into this today if possible?",medium
login,Login keeps failing,"Hi team, I'm having an issue and would appreciate some help. The password reset link opens, but after setting a new password I still cannot log in. Thanks.",high
notification,Shipping email has wrong info,I've already retried a few times with no luck. I receive the same shipping notification three or four times. This is blocking my purchase and I need help as soon as possible.,high
notification,Can't turn off marketing emails,"Hello, I hope you can help. SMS notifications stopped arriving even though my phone number is correct. Thanks.",medium
payments,Payment page error,"Hi, I noticed an issue. The refund is marked completed in my account, but the money is not back on my card. The problem happens on both desktop and mobile.",high
payments,Charged twice for one order,I can see two identical charges for the same purchase. I already cleared cookies and tried again. This is blocking my purchase and I need help as soon as possible.,high
order tracking,Tracking hasn't updated,I'm a bit confused by what the site is showing me. Your order page and the carrier page show different delivery statuses. This happens in Safari on my iPhone.,critical
payments,Payment page error,"I've tried this several times and it's getting frustrating. The card was charged, but I never received an order number or confirmation. This happens in Safari on my iPhone. This is preventing me from using the service.",high
payments,Payment pending for too long,"I've already wasted too much time on this. My bank shows the payment as approved, but your site says it was declined. Please fix this.",medium
payments,Payment declined but card is valid,"Just reporting something I ran into. The card was charged, but I never received an order number or confirmation. I reproduced it twice this morning.",medium
payments,Card charged but order not created,Could someone please take a look? The payement has been showing as pending since yesterday. Could someone look into this today if possible? Thanks.,medium
order tracking,Tracking link is broken,I'm getting very annoyed with this. Your order page and the carrier page show different delivery statuses. This happens in Safari on my iPhone. Can someone sort this out?,medium
order tracking,No tracking information available,I've already retried a few times with no luck. The tracking page has shown the same status for several days. I have not changed any account settings recently.,low
search,Can't find product,This keeps happening and I'm running out of things to try. search is bad,low
order tracking,Wrong tracking number,I've tried this several times and it's getting frustrating. The tracking link in the email opens a 404 page. I reproduced it twice this morning. Could someone look into this today if possible?,medium
payments,Refund not received,"Just reporting something I ran into. The card was charged, but I never received an order number or confirmation. I can wait a little, but I do need this resolved.",medium
checkout,Cart resets at checkout,"I've already retried a few times with no luck. There is no delivery method available even though you normally ship to my postcode. I also tried from another browser. Steps: add an item to cart, open checkout, enter shipping details, continue to the next step, then the page stops responding. I can wait a little, but I do need this resolved. Reference: order/account details can be provided if needed.",medium
search,URGENT: Sorting changes my filters,This should not be this difficult. A product I can open from my order history does not appear in search. I'm using Chrome on Windows 11. I can work around it for now. Please fix this.,low
login,2FA code never arrives,"I've already retried a few times with no luck. The account says it is locked even though I only tried to sign in once today. I also tried from another browser. I can wait a little, but I do need this resolved.",medium
login,2FA code never arrives,"Login works in the browser but not in the mobile app. This started after the latest app update. Steps: open the sign-in page, enter my email and password, press Sign in, then the page reloads without logging me in. It's not blocking me right now, but I wanted to report it. Reference: order/account details can be provided if needed.",low
search,Search is very slow,"Hi, I noticed an issue. The results page reloads whenever I scroll down. This happens in Safari on my iPhone. Steps: open search, enter the product name, apply a category filter, then sort by price; the results become inconsistent. No rush, but please check when possible.",low
login,Login issue on mobile,"I'm getting very annoyed with this. The account says it is locked even though I only tried to sign in once today. I'm using Chrome on Windows 11. This is blocking my purchase and I need help as soon as possible. I need an actual answer, not a generic response.",high
payments,Card problem,I've tried this several times and it's getting frustrating. card issue,high
login,Password reset not working,"Seriously, what is going on? I requested the two-factor code several times and nothing has arrived. I'm using Chrome on Windows 11. This is blocking my purchase and I need help as soon as possible. This has happened more than once.",high
login,Password reset not working,"i'm a bit confused by what the site is showing me. the password reset link opens, but after setting a new password i still cannot log in. it's inconvenient and i haven't been able to finish what i was trying to do.",medium
notification,Too many notifications,"Push notifications used to work and stopped without me changing any settings. This happens in Safari on my iPhone. Steps: place or update an order, wait for the normal email/SMS notification, then check notification settings; nothing relevant arrives. I can work around it for now. Reference: order/account details can be provided if needed.",low
notification,Wrong notification sent,"Hi, I noticed an issue. The order appears in my account, but I never received the confirmation email. I already cleared cookies and tried again. Steps: place or update an order, wait for the normal email/SMS notification, then check notification settings; nothing relevant arrives. This is urgent because money/order access is affected and I need immediate assistance.",critical
login,Login issue on mobile,"I don't understand what is happening. The password reset link opens, but after setting a new password I still cannot log in. It worked normally yesterday. Could someone look into this today if possible?",medium
login,Account locked after login attempt,"I enter the correct email and password but the page sends me back to the sign-in screen. I'm using Chrome on Windows 11. I can wait a little, but I do need this resolved.",medium
login,Login keeps failing,"Hi, I noticed an issue. The password reset link opens, but after setting a new password I still cannot log in. The problem happens on both desktop and mobile. Steps: open the sign-in page, enter my email and password, press Sign in, then the page reloads without logging me in. This is preventing me from using the service. Reference: order/account details can be provided if needed.",high
search,Search returns no results,"Hi, could you please help me with this? The results page reloads whenever I scroll down. This started after the latest app update. Thanks.",medium
order tracking,Wrong tracking number,"I don't understand what is happening. The tracking page has shown the same status for several days. I already cleared cookies and tried again. Steps: open My Orders, select the order, open tracking, then compare the status with the carrier's tracking page. It's not blocking me right now, but I wanted to report it. Reference: order/account details can be provided if needed.",low
checkout,Order issue,checkout not working pls fix,medium
payments,Still broken: Refund not received,"I've already wasted too much time on this. My bank shows the payment as approved, but your site says it was declined. It worked normally yesterday. This is blocking my purchase and I need help as soon as possible. Please fix this.",high
notification,Getting duplicate notifications,"I'm not sure if I'm doing something wrong. SMS notifications stopped arriving even though my phone number is correct. The problem happens on both desktop and mobile. Steps: place or update an order, wait for the normal email/SMS notification, then check notification settings; nothing relevant arrives. I can work around it for now.",low
login,Login issue on mobile,I've already retried a few times with no luck. Login works in the browser but not in the mobile app. This happens in Safari on my iPhone. I need this fixed today because I cannot continue.,high
order tracking,Tracking link is broken,Just reporting something I ran into. Your order page and the carrier page show different delivery statuses. I also tried from another browser. This is blocking my purchase and I need help as soon as possible.,high
payments,Payment declined but card is valid,"This keeps happening and I'm running out of things to try. The payment has been showing as pending since yesterday. It's not blocking me right now, but I wanted to report it.",low
checkout,Stuck on checkout page,"Hi, could you please help me with this? Applying a discount code makes the checkout page reload and lose my details. The problem happens on both desktop and mobile. It's not blocking me right now, but I wanted to report it. Thanks.",low
payments,Payment declined but card is valid,"This keeps happening and I'm running out of things to try. The payment has been showing as pending since yesterday. I have not changed any account settings recently. No rush, but please check when possible.",low
notification,SMS alerts not arriving,SMS notifications stopped arriving even though my phone number is correct. I also tried from another browser. This is preventing me from using the service.,high
order tracking,Tracking hasn't updated,I'm seeing a consistent problem with this. The tracking number is not recognized by the carrier.,medium
search,Sorting changes my filters,A product I can open from my order history does not appear in search. I already cleared cookies and tried again. Please treat this as urgent; I am completely blocked.,critical
order tracking,Tracking hasn't updated,"Your site says the package was delivered, but nothing was delivered to my address. I also tried from another browser.",high
search,Filters not working,"The category filter is selected, but products from other categories are still shown. The problem happens on both desktop and mobile. Could someone look into this today if possible?",medium
checkout,Checkout won't complete,"This keeps happening and I'm running out of things to try. There is no delivery method available even though you normally ship to my postcode. This happens in Safari on my iPhone. It's not blocking me right now, but I wanted to report it.",low
search,Search issue,search doesn't work,critical
order tracking,Order status doesn't match carrier,"Hello, I wanted to report a problem. The tracking page has shown the same status for several days.",medium
search,Filters not working,"Hi, I noticed an issue. Searching for an exact product name returns unrelated items. I also tried from another browser. Steps: open search, enter the product name, apply a category filter, then sort by price; the results become inconsistent. It's inconvenient and I haven't been able to finish what I was trying to do. Reference: order/account details can be provided if needed.",medium
checkout,Cart resets at checkout,I'm seeing a consistent problem with this. Applying a discount code makes the checkout page reload and lose my details. The problem happens on both desktop and mobile. I need someone to investigate this immediately.,critical
order tracking,Again: Wrong tracking number,This should not be this difficult. Your order page and the carrier page show different delivery statuses. I already cleared cookies and tried again. This has happened more than once.,medium
search,Search is very slow,"The category filter is selected, but products from other categories are still shown. I'm using Chrome on Windows 11. Could someone look into this today if possible?",medium
checkout,Promo code breaks checkout,"Hi, I noticed an issue. My shipping address is valid but the form keeps saying it cannot be verified.",medium
checkout,Checkout won't complete,"My shipping address is valid but the form keeps saying it cannot be verified. It worked normally yesterday. Steps: add an item to cart, open checkout, enter shipping details, continue to the next step, then the page stops responding. I need this fixed today because I cannot continue. Reference: order/account details can be provided if needed.",high
order tracking,Tracking hasn't updated,"Hi, I noticed an issue. Your site says the package was delivered, but nothing was delivered to my address.",critical
notification,Wrong notification sent,"The order appears in my account, but I never received the confirmation email. I reproduced it twice this morning. Steps: place or update an order, wait for the normal email/SMS notification, then check notification settings; nothing relevant arrives. Please treat this as urgent; I am completely blocked. Reference: order/account details can be provided if needed.",critical
checkout,Checkout won't complete,"This keeps happening and I'm running out of things to try. My shipping address is valid but the form keeps saying it cannot be verified. It worked normally yesterday. Steps: add an item to cart, open checkout, enter shipping details, continue to the next step, then the page stops responding. I need this fixed today because I cannot continue. Reference: order/account details can be provided if needed.",high
notification,Push notifications stopped,"This keeps happening and I'm running out of things to try. I disabled marketing emails, but I am still receiving them. The problem happens on both desktop and mobile.",medium
checkout,Checkout won't complete,Could someone please take a look? Applying a discount code makes the checkout page reload and lose my details. I also tried from another browser. Could someone look into this today if possible? Thanks.,medium
search,Search returns no results,I'm a bit confused by what the site is showing me. A product I can open from my order history does not appear in search.,medium
login,Login keeps failing,"This is really frustrating. Login works in the browser but not in the mobile app. The problem happens on both desktop and mobile. Steps: open the sign-in page, enter my email and password, press Sign in, then the page reloads without logging me in. I can wait a little, but I do need this resolved. Reference: order/account details can be provided if needed. Please fix this.",medium
notification,SMS alerts not arriving,"The order appears in my account, but I never received the confirmation email. This started after the latest app update. Steps: place or update an order, wait for the normal email/SMS notification, then check notification settings; nothing relevant arrives. Could someone look into this today if possible? Reference: order/account details can be provided if needed.",medium
login,Login issue on mobile,I requested the two-factor code several times and nothing has arrived. The problem happens on both desktop and mobile.,high
login,Account locked after login attempt,I enter the correct email and password but the page sends me back to the sign-in screen. I tried both Wi-Fi and mobile data.,medium
login,Login keeps failing,"Hi team, I'm having an issue and would appreciate some help. I requested the two-factor code several times and nothing has arrived. Thanks.",low
login,Unable to access my account,I've already retried a few times with no luck. I requested the two-factor code several times and nothing has arrived. This started after the latest app update. Could someone look into this today if possible?,medium
order tracking,Order says delivered but isn't here,tracking is wrong,medium
payments,Payment issue,I've already retried a few times with no luck. I think I got charged wrong,critical
checkout,Checkout button does nothing,Just reporting something I ran into. There is no delivery method available even though you normally ship to my postcode. I reproduced it twice this morning.,low
checkout,Checkout button does nothing,"I don't understand what is happening. I can add products to the cart, but the checkout button does not move to the next step. This started after the latest app update. Steps: add an item to cart, open checkout, enter shipping details, continue to the next step, then the page stops responding. Could someone look into this today if possible?",medium
notification,Email issue,i've already retried a few times with no luck. notification issue,medium
payments,Charged twice for one order,"Hi, I noticed an issue. The card was charged, but I never received an order number or confirmation.",low
login,2FA code never arrives,I'm seeing a consistent problem with this. I requested the two-factor code several times and nothing has arrived.,medium
payments,Wrong amount charged,"I'm getting very annoyed with this. My bank shows the payment as approved, but your site says it was declined. I tried both Wi-Fi and mobile data. Steps: choose the saved card, confirm the payment, wait for authorization, then the site reports an error even though the bank shows activity. I need this fixed today because I cannot continue. Please fix this.",high
login,URGENT: 2FA code never arrives,"Seriously, what is going on? Login works in the browser but not in the mobile app. This started after the latest app update. Steps: open the sign-in page, enter my email and password, press Sign in, then the page reloads without logging me in. This is blocking my purchase and I need help as soon as possible. Reference: order/account details can be provided if needed. Please fix this.",high
search,Search is very slow,"Seriously, what is going on? Search takes around 20 seconds before showing results. Please fix this.",medium
payments,Refund not received,"Hello, I wanted to report a problem. The refund is marked completed in my account, but the money is not back on my card. The problem happens on both desktop and mobile. No rush, but please check when possible.",low
checkout,Checkout button does nothing,This keeps happening and I'm running out of things to try. Applying a discount code makes the checkout page reload and lose my details. I also tried from another browser. This is urgent because money/order access is affected and I need immediate assistance.,critical
login,Login keeps failing,"Could someone please take a look? The password reset link opens, but after setting a new password I still cannot log in. I tried both Wi-Fi and mobile data. I can wait a little, but I do need this resolved. Thanks.",medium
checkout,Delivery option missing at checkout,"I've already retried a few times with no luck. I can add products to the cart, but the checkout button does not move to the next step. This is preventing me from using the service.",high
checkout,Stuck on checkout page,"My shipping address is valid but the form keeps saying it cannot be verified. I have not changed any account settings recently. Steps: add an item to cart, open checkout, enter shipping details, continue to the next step, then the page stops responding. No rush, but please check when possible. Reference: order/account details can be provided if needed.",low
search,Still broken: Search page keeps reloading,This is really frustrating. search is bad This has happened more than once.,medium
search,Search results are irrelevant,Searching for an exact product name returns unrelated items.,medium
checkout,Stuck on checkout page,The page spins forever after I click Place order. I have not changed any account settings recently. This is urgent because money/order access is affected and I need immediate assistance.,critical
checkout,Promo code breaks checkout,"I've already retried a few times with no luck. The cart becomes empty as soon as I reach the payment step. This started after the latest app update. No rush, but please check when possible.",low
order tracking,No tracking information available,"Hello, I wanted to report a problem. The tracking page has shown the same status for several days. I already cleared cookies and tried again. It's inconvenient and I haven't been able to finish what I was trying to do.",medium
order tracking,No tracking information available,"Your site says the package was delivered, but nothing was delivered to my address. This happens in Safari on my iPhone.",medium
payments,Payment declined but card is valid,"The card was charged, but I never received an order number or confirmation. This started after the latest app update. This is preventing me from using the service.",high
search,Search issue,search doesn't work,high
search,Search returns no results,"Hi, I noticed an issue. Searching for an exact product name returns unrelated items. This started after the latest app update. Steps: open search, enter the product name, apply a category filter, then sort by price; the results become inconsistent. Could someone look into this today if possible? Reference: order/account details can be provided if needed.",medium
notification,Order confirmation email missing,I'm not sure if I'm doing something wrong. SMS notifications stopped arriving even though my phone number is correct. Could someone look into this today if possible?,medium
checkout,Checkout won't complete,stuck trying to order,high
payments,Refund not received,"I've already wasted too much time on this. The card was charged, but I never received an order number or confirmation. I have not changed any account settings recently. Could someone look into this today if possible? Please fix this.",medium
order tracking,Still broken: No tracking information available,"I'm getting very annoyed with this. Your order page and the carrier page show different delivery statuses. I'm using Chrome on Windows 11. Steps: open My Orders, select the order, open tracking, then compare the status with the carrier's tracking page. This is preventing me from using the service. Reference: order/account details can be provided if needed. Can someone sort this out?",high
order tracking,Delivery date keeps changing,"Your site says the package was delivered, but nothing was delivered to my address. This started after the latest app update. Could someone look into this today if possible?",medium
payments,Refund not received,"i don't understand what is happening. the card was charged, but i never received an order number or confirmation.",low
order tracking,Package stuck in transit,"Hi, could you please help me with this? The package has been marked 'in transit' in the same location for days. I have not changed any account settings recently. Thanks.",high
payments,Payment declined but card is valid,"My bank shows the payment as approved, but your site says it was declined. It's inconvenient and I haven't been able to finish what I was trying to do.",medium
search,Search is very slow,"The category filter is selected, but products from other categories are still shown. The problem happens on both desktop and mobile. Steps: open search, enter the product name, apply a category filter, then sort by price; the results become inconsistent. Could someone look into this today if possible? Reference: order/account details can be provided if needed.",medium
order tracking,Delivery date keeps changing,"I'm seeing a consistent problem with this. Your order page and the carrier page show different delivery statuses. This started after the latest app update. Steps: open My Orders, select the order, open tracking, then compare the status with the carrier's tracking page. This is preventing me from using the service.",high
order tracking,Order says delivered but isn't here,The package has been marked 'in transit' in the same location for days. I tried both Wi-Fi and mobile data. I need this fixed today because I cannot continue.,high
search,Still broken: Product missing from search,This should not be this difficult. Searching for an exact product name returns unrelated items. Can someone sort this out?,high
search,Filters not working,"Hello, I hope you can help. The results page reloads whenever I scroll down. It worked normally yesterday. It's inconvenient and I haven't been able to finish what I was trying to do. Thanks.",medium
login,Account locked after login attempt,"I'm seeing a consistent problem with this. I enter the correct email and password but the page sends me back to the sign-in screen. It worked normally yesterday. Steps: open the sign-in page, enter my email and password, press Sign in, then the page reloads without logging me in. I can wait a little, but I do need this resolved. Reference: order/account details can be provided if needed.",medium
login,Account locked after login attempt,Login works in the browser but not in the mobile app. It's inconvenient and I haven't been able to finish what I was trying to do.,medium
login,Can't log in,why am I locked out?,medium
checkout,Checkout button does nothing,This keeps happening and I'm running out of things to try. The page spins forever after I click Place order. This started after the latest app update. I need this fixed today because I cannot continue.,high
order tracking,Where is my order?,where is my order?,medium
payments,Apple Pay failed,I can see two identical charges for the same purchase. This is blocking my purchase and I need help as soon as possible.,high
checkout,Promo code breaks checkout,"Hello, I wanted to report a problem. There is no delivery method available even though you normally ship to my postcode. It worked normally yesterday. I can wait a little, but I do need this resolved.",medium
login,Login keeps failing,"I'm seeing a consistent problem with this. Login works in the browser but not in the mobile app. I tried both Wi-Fi and mobile data. Steps: open the sign-in page, enter my email and password, press Sign in, then the page reloads without logging me in. This is preventing me from using the service.",high
payments,Payment page error,"Just reporting something I ran into. Apple Pay closes after Face ID and returns me to the payment page. This happens in Safari on my iPhone. Steps: choose the saved card, confirm the payment, wait for authorization, then the site reports an error even though the bank shows activity. This is preventing me from using the service. Reference: order/account details can be provided if needed.",high
checkout,Stuck on checkout page,"Maybe I'm missing something, but this doesn't make sense. My shipping address is valid but the form keeps saying it cannot be verified. I'm using Chrome on Windows 11. Could someone look into this today if possible?",medium
login,Login issue on mobile,The account says it is locked even though I only tried to sign in once today. This is preventing me from using the service.,high
checkout,Stuck on checkout page,There is no delivery method available even though you normally ship to my postcode. It worked normally yesterday. Could someone look into this today if possible?,medium
notification,Push notifications stopped,"I'm not sure if I'm doing something wrong. I disabled marketing emails, but I am still receiving them. It worked normally yesterday. It's inconvenient and I haven't been able to finish what I was trying to do.",medium
login,Can't log in,why am I locked out?,critical
search,Product missing from search,I've already retried a few times with no luck. A product I can open from my order history does not appear in search.,high
payments,Apple Pay failed,"This keeps happening and I'm running out of things to try. The payment has been showing as pending since yesterday. This started after the latest app update. Steps: choose the saved card, confirm the payment, wait for authorization, then the site reports an error even though the bank shows activity. It's not blocking me right now, but I wanted to report it. Reference: order/account details can be provided if needed.",low
payments,Card charged but order not created,"My bank shows the payment as approved, but your site says it was declined.",medium
order tracking,Tracking hasn't updated,"Hi, I noticed an issue. The tracking page has shown the same status for several days. This started after the latest app update. It's inconvenient and I haven't been able to finish what I was trying to do.",medium
notification,SMS alerts not arriving,emails not working,medium
checkout,Promo code breaks checkout,I'm a bit confused by what the site is showing me. Applying a discount code makes the checkout page reload and lose my details. I already cleared cookies and tried again. Could someone look into this today if possible?,medium
login,Can't sign in,sign in doesn't work,medium
login,Can't log in,sign in doesnt work,medium
payments,Card charged but order not created,"Hi team, I'm having an issue and would appreciate some help. My bank shows the payment as approved, but your site says it was declined. This is blocking my purchase and I need help as soon as possible. Thanks.",high
login,Signed out every time I refresh,"Hello, I wanted to report a problem. I get an 'unexpected error' immediately after pressing Sign in. I reproduced it twice this morning. I can work around it for now.",low
order tracking,Wrong tracking number,I'm seeing a consistent problem with this. The tracking page has shown the same status for several days. I reproduced it twice this morning.,medium
payments,Refund not received,"I've tried this several times and it's getting frustrating. The refund is marked completed in my account, but the money is not back on my card. This is urgent because money/order access is affected and I need immediate assistance.",critical
payments,Payment declined but card is valid,I've already retried a few times with no luck. The payment has been showing as pending since yesterday. This started after the latest app update. Could someone look into this today if possible?,medium
login,Unable to access my account,"I'm not sure if I'm doing something wrong. The password reset link opens, but after setting a new password I still cannot log in. This started after the latest app update. Steps: open the sign-in page, enter my email and password, press Sign in, then the page reloads without logging me in. I can wait a little, but I do need this resolved. Reference: order/account details can be provided if needed.",medium
order tracking,Wrong tracking number,"Hi, I noticed an issue. The tracking page has shown the same status for several days. This happens in Safari on my iPhone. Steps: open My Orders, select the order, open tracking, then compare the status with the carrier's tracking page. I can wait a little, but I do need this resolved.",medium
search,Search page keeps reloading,"Hi, could you please help me with this? A product I can open from my order history does not appear in search. I tried both Wi-Fi and mobile data. Thanks.",low
login,Can't sign in,"Hi, I noticed an issue. I get an 'unexpected error' immediately after pressing Sign in. It's inconvenient and I haven't been able to finish what I was trying to do.",medium
payments,Payment pending for too long,"I'm a bit confused by what the site is showing me. Apple Pay closes after Face ID and returns me to the payment page. I'm using Chrome on Windows 11. Steps: choose the saved card, confirm the payment, wait for authorization, then the site reports an error even though the bank shows activity. Could someone look into this today if possible? Reference: order/account details can be provided if needed.",medium
notification,Too many notifications,"I'm a bit confused by what the site is showing me. The email says my order was cancelled, but the order page says it has shipped. I'm using Chrome on Windows 11. Could someone look into this today if possible?",medium
checkout,Checkout won't complete,"This should not be this difficult. There is no delivery method available even though you normally ship to my postcode. I tried both Wi-Fi and mobile data. Steps: add an item to cart, open checkout, enter shipping details, continue to the next step, then the page stops responding. This is blocking my purchase and I need help as soon as possible. Reference: order/account details can be provided if needed. Please fix this.",high
checkout,Promo code breaks checkout,I'm not sure if I'm doing something wrong. The cart becomes empty as soon as I reach the payment step. It worked normally yesterday. This is preventing me from using the service.,high
payments,Card charged but order not created,"This keeps happening and I'm running out of things to try. My bank shows the payment as approved, but your site says it was declined. This started after the latest app update. Steps: choose the saved card, confirm the payment, wait for authorization, then the site reports an error even though the bank shows activity. This is preventing me from using the service.",high
login,Login issue on mobile,"Maybe I'm missing something, but this doesn't make sense. The account says it is locked even though I only tried to sign in once today.",high
order tracking,Package stuck in transit,no update on delivery,high
notification,Wrong notification sent,This should not be this difficult. SMS notifications stopped arriving even though my phone number is correct. The problem happens on both desktop and mobile. Please fix this.,medium
login,Unable to access my account,"This keeps happening and I'm running out of things to try. I get an 'unexpected error' immediately after pressing Sign in. It's not blocking me right now, but I wanted to report it.",low
payments,Apple Pay failed,"My bank shows the payment as approved, but your site says it was declined. It worked normally yesterday. I can wait a little, but I do need this resolved.",medium
payments,Charged twice for one order,"This keeps happening and I'm running out of things to try. The refund is marked completed in my account, but the money is not back on my card. It's inconvenient and I haven't been able to finish what I was trying to do.",medium
checkout,Delivery option missing at checkout,The page spins forever after I click Place order. I already cleared cookies and tried again. I need this fixed today because I cannot continue.,high
checkout,Promo code breaks checkout,"I'm a bit confused by what the site is showing me. My shipping address is valid but the form keeps saying it cannot be verified. This started after the latest app update. I can wait a little, but I do need this resolved.",medium
checkout,Can't place my order,"Maybe I'm missing something, but this doesn't make sense. My shipping address is valid but the form keeps saying it cannot be verified. I already cleared cookies and tried again. I can wait a little, but I do need this resolved.",medium
notification,Getting duplicate notifications,SMS notifications stopped arriving even though my phone number is correct. I need this fixed today because I cannot continue.,high
order tracking,Wrong tracking number,I'm a bit confused by what the site is showing me. The tracking page has shown the same status for several days. This started after the latest app update.,high
payments,Apple Pay failed,"I can see two identical charges for the same purchase. It's not blocking me right now, but I wanted to report it.",low
checkout,Address rejected during checkout,"Hello, I hope you can help. My shipping address is valid but the form keeps saying it cannot be verified. I'm using Chrome on Windows 11. Steps: add an item to cart, open checkout, enter shipping details, continue to the next step, then the page stops responding. I can work around it for now. Thanks.",low
order tracking,No tracking information available,"The tracking link in the email opens a 404 page. This happens in Safari on my iPhone. Steps: open My Orders, select the order, open tracking, then compare the status with the carrier's tracking page. This is preventing me from using the service. Reference: order/account details can be provided if needed.",high
checkout,Checkout won't complete,I don't understand what is happening. Applying a discount code makes the checkout page reload and lose my details.,medium
payments,Payment pending for too long,I'm not sure if I'm doing something wrong. Apple Pay closes after Face ID and returns me to the payment page. It worked normally yesterday. This is preventing me from using the service.,high
order tracking,Tracking link is broken,"This keeps happening and I'm running out of things to try. The tracking page has shown the same status for several days. It worked normally yesterday. Steps: open My Orders, select the order, open tracking, then compare the status with the carrier's tracking page. It's inconvenient and I haven't been able to finish what I was trying to do. Reference: order/account details can be provided if needed.",medium
order tracking,No tracking information available,no update on delivery,medium
checkout,Checkout problem,checkout is broken,high
checkout,Promo code breaks checkout,"I'm not sure if I'm doing something wrong. There is no delivery method available even though you normally ship to my postcode. It worked normally yesterday. I can wait a little, but I do need this resolved.",medium
login,2FA code never arrives,"Hello, I hope you can help. I requested the two-factor code several times and nothing has arrived. I'm using Chrome on Windows 11. Steps: open the sign-in page, enter my email and password, press Sign in, then the page reloads without logging me in. I need someone to investigate this immediately. Thanks.",critical
search,Can't find an item I bought before,"I've already wasted too much time on this. The results page reloads whenever I scroll down. I already cleared cookies and tried again. Steps: open search, enter the product name, apply a category filter, then sort by price; the results become inconsistent. I need this fixed today because I cannot continue. Reference: order/account details can be provided if needed. Can someone sort this out?",high
payments,Wrong amount charged,"I've tried this several times and it's getting frustrating. The refund is marked completed in my account, but the money is not back on my card. I already cleared cookies and tried again. Steps: choose the saved card, confirm the payment, wait for authorization, then the site reports an error even though the bank shows activity. Could someone look into this today if possible?",medium
payments,Payment page error,"I've tried this several times and it's getting frustrating. The refund is marked completed in my account, but the money is not back on my card. I'm using Chrome on Windows 11.",critical
login,2FA code never arrives,"Hello, I wanted to report a problem. The account says it is locked even though I only tried to sign in once today. I already cleared cookies and tried again. Steps: open the sign-in page, enter my email and password, press Sign in, then the page reloads without logging me in. This is preventing me from using the service.",high
login,Login keeps failing,I don't understand what is happening. I requested the two-factor code several times and nothing has arrived. I reproduced it twice this morning. I need this fixed today because I cannot continue.,high
notification,Getting duplicate notifications,"The order appears in my account, but I never received the confirmation email. This happens in Safari on my iPhone. I can work around it for now.",low
search,Sorting changes my filters,"This keeps happening and I'm running out of things to try. The category filter is selected, but products from other categories are still shown. The problem happens on both desktop and mobile. I can work around it for now.",low
checkout,Can't place my order,"Hi, I noticed an issue. My shipping address is valid but the form keeps saying it cannot be verified.",medium
search,Search page keeps reloading,"I'm seeing a consistent problem with this. The results page reloads whenever I scroll down. This happens in Safari on my iPhone. It's not blocking me right now, but I wanted to report it.",low
login,Unable to access my account,"Hi, could you please help me with this? I get an 'unexpected error' immediately after pressing Sign in. I tried both Wi-Fi and mobile data. Steps: open the sign-in page, enter my email and password, press Sign in, then the page reloads without logging me in. It's not blocking me right now, but I wanted to report it. Thanks.",low
login,2FA code never arrives,"Maybe I'm missing something, but this doesn't make sense. I enter the correct email and password but the page sends me back to the sign-in screen. I can wait a little, but I do need this resolved.",medium
search,Product missing from search,"I'm seeing a consistent problem with this. The category filter is selected, but products from other categories are still shown. I reproduced it twice this morning. Steps: open search, enter the product name, apply a category filter, then sort by price; the results become inconsistent. I need someone to investigate this immediately.",critical
payments,Payment page error,Apple Pay closes after Face ID and returns me to the payment page. It worked normally yesterday. I need this fixed today because I cannot continue.,high
payments,Card charged but order not created,"Maybe I'm missing something, but this doesn't make sense. I can see two identical charges for the same purchase. I tried both Wi-Fi and mobile data. Steps: choose the saved card, confirm the payment, wait for authorization, then the site reports an error even though the bank shows activity. It's inconvenient and I haven't been able to finish what I was trying to do. Reference: order/account details can be provided if needed.",medium
checkout,Cart resets at checkout,I've already retried a few times with no luck. My shipping address is valid but the form keeps saying it cannot be verified.,medium
order tracking,Tracking hasn't updated,"This is really frustrating. Your order page and the carrier page show different delivery statuses. I need an actual answer, not a generic response.",medium
login,Login issue on mobile,"I've already retried a few times with no luck. The password reset link opens, but after setting a new password I still cannot log in. I already cleared cookies and tried again. This is blocking my purchase and I need help as soon as possible.",high
payments,Wrong amount charged,"Hello, I hope you can help. The payment has been showing as pending since yesterday. Thanks.",medium
search,Can't find an item I bought before,"A product I can open from my order history does not appear in search. This happens in Safari on my iPhone. Steps: open search, enter the product name, apply a category filter, then sort by price; the results become inconsistent. It's inconvenient and I haven't been able to finish what I was trying to do. Reference: order/account details can be provided if needed.",medium
notification,Order confirmation email missing,"I disabled marketing emails, but I am still receiving them. This happens in Safari on my iPhone. Steps: place or update an order, wait for the normal email/SMS notification, then check notification settings; nothing relevant arrives. It's inconvenient and I haven't been able to finish what I was trying to do.",medium
checkout,Promo code breaks checkout,"I've tried this several times and it's getting frustrating. There is no delivery method available even though you normally ship to my postcode. I also tried from another browser. Steps: add an item to cart, open checkout, enter shipping details, continue to the next step, then the page stops responding. No rush, but please check when possible. Reference: order/account details can be provided if needed.",low
order tracking,Order status doesn't match carrier,"Maybe I'm missing something, but this doesn't make sense. The tracking page has shown the same status for several days.",medium
search,Search results are irrelevant,"Hello, I wanted to report a problem. Changing the sort order clears the filters I already selected. I have not changed any account settings recently. Steps: open search, enter the product name, apply a category filter, then sort by price; the results become inconsistent. This is blocking my purchase and I need help as soon as possible. Reference: order/account details can be provided if needed.",high
notification,Wrong notification sent,I don't understand what is happening. Push notifications used to work and stopped without me changing any settings. This happens in Safari on my iPhone. Could someone look into this today if possible?,medium
payments,Apple Pay failed,I've tried this several times and it's getting frustrating. I can see two identical charges for the same purchase. I also tried from another browser. I can work around it for now.,low
order tracking,Order status doesn't match carrier,"Hi team, I'm having an issue and would appreciate some help. The tracking link in the email opens a 404 page. This happens in Safari on my iPhone. Steps: open My Orders, select the order, open tracking, then compare the status with the carrier's tracking page. I can work around it for now. Reference: order/account details can be provided if needed. Thanks.",low
login,Password reset not working,"Maybe I'm missing something, but this doesn't make sense. Login works in the browser but not in the mobile app. The problem happens on both desktop and mobile. No rush, but please check when possible.",low
payments,Payment issue,payment problem,high
order tracking,No tracking information available,"Maybe I'm missing something, but this doesn't make sense. Your site says the package was delivered, but nothing was delivered to my address. It worked normally yesterday. I need someone to investigate this immediately.",critical
payments,Payment page error,"Seriously, what is going on? Apple Pay closes after Face ID and returns me to the payment page. I tried both Wi-Fi and mobile data. Steps: choose the saved card, confirm the payment, wait for authorization, then the site reports an error even though the bank shows activity. I can wait a little, but I do need this resolved. Reference: order/account details can be provided if needed. This has happened more than once.",medium
login,Password reset not working,I've already retried a few times with no luck. I get an 'unexpected error' immediately after pressing Sign in.,low
payments,Wrong amount charged,"The card was charged, but I never received an order number or confirmation. I reproduced it twice this morning. This is blocking my purchase and I need help as soon as possible.",high
search,Product missing from search,I've tried this several times and it's getting frustrating. The results page reloads whenever I scroll down. I tried both Wi-Fi and mobile data. I can work around it for now.,low
notification,Can't turn off marketing emails,"Hello, I wanted to report a problem. Push notifications used to work and stopped without me changing any settings. The problem happens on both desktop and mobile. Steps: place or update an order, wait for the normal email/SMS notification, then check notification settings; nothing relevant arrives. This is blocking my purchase and I need help as soon as possible. Reference: order/account details can be provided if needed.",high
payments,Payment page error,"The card was charged, but I never received an order number or confirmation.",medium
search,Sorting changes my filters,"This is really frustrating. Search takes around 20 seconds before showing results. I also tried from another browser. Steps: open search, enter the product name, apply a category filter, then sort by price; the results become inconsistent. This is blocking my purchase and I need help as soon as possible. Reference: order/account details can be provided if needed. I need an actual answer, not a generic response.",high
notification,Shipping email has wrong info,I'm a bit confused by what the site is showing me. SMS notifications stopped arriving even though my phone number is correct. I also tried from another browser.,critical
search,Search page keeps reloading,I'm not sure if I'm doing something wrong. Searching for an exact product name returns unrelated items.,high
order tracking,Tracking hasn't updated,"Hello, I wanted to report a problem. The package has been marked 'in transit' in the same location for days. I tried both Wi-Fi and mobile data. Could someone look into this today if possible?",medium
checkout,Promo code breaks checkout,"I'm a bit confused by what the site is showing me. I can add products to the cart, but the checkout button does not move to the next step. I already cleared cookies and tried again. Steps: add an item to cart, open checkout, enter shipping details, continue to the next step, then the page stops responding. No rush, but please check when possible.",low
notification,Shipping email has wrong info,"Hello, I hope you can help. I disabled marketing emails, but I am still receiving them. Thanks.",high
checkout,Delivery option missing at checkout,I've already retried a few times with no luck. My shipping address is valid but the form keeps saying it cannot be verified.,high
notification,Shipping email has wrong info,"I'm seeing a consistent problem with this. Push notifications used to work and stopped without me changing any settings. I'm using Chrome on Windows 11. I can wait a little, but I do need this resolved.",medium
order tracking,No tracking information available,"Hi, I noticed an issue. The tracking page has shown the same status for several days. I have not changed any account settings recently. No rush, but please check when possible.",low
checkout,Delivery option missing at checkout,"I've already retried a few times with no luck. The page spins forever after I click Place order. The problem happens on both desktop and mobile. Steps: add an item to cart, open checkout, enter shipping details, continue to the next step, then the page stops responding. No rush, but please check when possible. Reference: order/account details can be provided if needed.",low
order tracking,Delivery date keeps changing,I've tried this several times and it's getting frustrating. The tracking number is not recognized by the carrier. The problem happens on both desktop and mobile. I need this fixed today because I cannot continue.,high
payments,URGENT: Card charged but order not created,"I'm getting very annoyed with this. I think I got charged wrong I need an actual answer, not a generic response.",medium
checkout,Can't place my order,"I've already retried a few times with no luck. The page spins forever after I click Place order. I also tried from another browser. Steps: add an item to cart, open checkout, enter shipping details, continue to the next step, then the page stops responding. I can work around it for now. Reference: order/account details can be provided if needed.",low
payments,Payment pending for too long,"Hello, I wanted to report a problem. The card was charged, but I never received an order number or confirmation.",critical
order tracking,Tracking link is broken,where is my order?,high
order tracking,Package stuck in transit,"The tracking number is not recognized by the carrier. I tried both Wi-Fi and mobile data. Steps: open My Orders, select the order, open tracking, then compare the status with the carrier's tracking page. I can work around it for now.",low
payments,Payment declined but card is valid,"I'm seeing a consistent problem with this. I can see two identical charges for the same purchase. It worked normally yesterday. Steps: choose the saved card, confirm the payment, wait for authorization, then the site reports an error even though the bank shows activity. I can wait a little, but I do need this resolved. Reference: order/account details can be provided if needed.",medium
payments,Card charged but order not created,"The card was charged, but I never received an order number or confirmation. I reproduced it twice this morning. Steps: choose the saved card, confirm the payment, wait for authorization, then the site reports an error even though the bank shows activity. I need this fixed today because I cannot continue. Reference: order/account details can be provided if needed.",high
notification,SMS alerts not arriving,"I disabled marketing emails, but I am still receiving them. I already cleared cookies and tried again. Steps: place or update an order, wait for the normal email/SMS notification, then check notification settings; nothing relevant arrives. I can work around it for now.",low
order tracking,Wrong tracking number,"This keeps happening and I'm running out of things to try. Your order page and the carrier page show different delivery statuses. This started after the latest app update. Steps: open My Orders, select the order, open tracking, then compare the status with the carrier's tracking page. I can work around it for now. Reference: order/account details can be provided if needed.",low
order tracking,Package stuck in transit,"Hi, I noticed an issue. Your site says the package was delivered, but nothing was delivered to my address. I also tried from another browser. I need this fixed today because I cannot continue.",high
checkout,Cart resets at checkout,Applying a discount code makes the checkout page reload and lose my details.,critical
order tracking,Tracking link is broken,This keeps happening and I'm running out of things to try. The tracking number is not recognized by the carrier. I need this fixed today because I cannot continue.,high
order tracking,Delivery date keeps changing,"Hi, I noticed an issue. The tracking number is not recognized by the carrier. It's inconvenient and I haven't been able to finish what I was trying to do.",medium
checkout,Cart resets at checkout,There is no delivery method available even though you normally ship to my postcode. I also tried from another browser.,low
search,Search page keeps reloading,A product I can open from my order history does not appear in search. I also tried from another browser. I need someone to investigate this immediately.,critical
order tracking,Wrong tracking number,"The tracking page has shown the same status for several days. This happens in Safari on my iPhone. No rush, but please check when possible.",low
login,URGENT: Login keeps failing,This is really frustrating. I get an 'unexpected error' immediately after pressing Sign in. This started after the latest app update. Can someone sort this out?,medium
checkout,Address rejected during checkout,Just reporting something I ran into. My shipping address is valid but the form keeps saying it cannot be verified.,medium
payments,Wrong amount charged,I'm getting very annoyed with this. The payment has been showing as pending since yesterday. I reproduced it twice this morning. Please fix this.,high
login,Unable to access my account,"Seriously, what is going on? I requested the two-factor code several times and nothing has arrived. This is blocking my purchase and I need help as soon as possible. This has happened more than once.",high
payments,Apple Pay failed,"Hi, could you please help me with this? The payement has been showing as pending since yesterday. Thanks.",low
payments,Wrong amount charged,"My bank shows the payment as approved, but your site says it was declined. It worked normally yesterday. Steps: choose the saved card, confirm the payment, wait for authorization, then the site reports an error even though the bank shows activity. I can wait a little, but I do need this resolved.",medium
payments,Apple Pay failed,"I can see two identical charges for the same purchase. The problem happens on both desktop and mobile. Steps: choose the saved card, confirm the payment, wait for authorization, then the site reports an error even though the bank shows activity. I need someone to investigate this immediately.",critical
search,Sorting changes my filters,Search takes around 20 seconds before showing results. This happens in Safari on my iPhone. I need this fixed today because I cannot continue.,high
payments,Refund not received,"Could someone please take a look? The refund is marked completed in my account, but the money is not back on my card. This happens in Safari on my iPhone. Steps: choose the saved card, confirm the payment, wait for authorization, then the site reports an error even though the bank shows activity. I can wait a little, but I do need this resolved. Reference: order/account details can be provided if needed. Thanks.",medium
search,Search is very slow,"This is really frustrating. The results page reloads whenever I scroll down. I reproduced it twice this morning. Steps: open search, enter the product name, apply a category filter, then sort by price; the results become inconsistent. This is preventing me from using the service. Reference: order/account details can be provided if needed. Please fix this.",high
login,Login issue on mobile,"I've tried this several times and it's getting frustrating. I requested the two-factor code several times and nothing has arrived. This happens in Safari on my iPhone. Steps: open the sign-in page, enter my email and password, press Sign in, then the page reloads without logging me in. I need this fixed today because I cannot continue. Reference: order/account details can be provided if needed.",high
checkout,Address rejected during checkout,can't buy anything,high
payments,Apple Pay failed,"Could someone please take a look? The payment has been showing as pending since yesterday. I also tried from another browser. Steps: choose the saved card, confirm the payment, wait for authorization, then the site reports an error even though the bank shows activity. Could someone look into this today if possible? Reference: order/account details can be provided if needed. Thanks.",medium
checkout,Cart resets at checkout,"I'm a bit confused by what the site is showing me. I can add products to the cart, but the checkout button does not move to the next step. I reproduced it twice this morning. Steps: add an item to cart, open checkout, enter shipping details, continue to the next step, then the page stops responding. I need this fixed today because I cannot continue. Reference: order/account details can be provided if needed.",high
payments,Payment page error,card issue,low
order tracking,Tracking hasn't updated,I don't understand what is happening. The tracking link in the email opens a 404 page. I already cleared cookies and tried again. This is blocking my purchase and I need help as soon as possible.,high
payments,Payment pending for too long,"Could someone please take a look? The card was charged, but I never received an order number or confirmation. It's inconvenient and I haven't been able to finish what I was trying to do. Thanks.",medium
payments,Payment declined but card is valid,This keeps happening and I'm running out of things to try. Apple Pay closes after Face ID and returns me to the payment page.,medium
payments,Payment declined but card is valid,The payment has been showing as pending since yesterday.,medium
payments,Charged twice for one order,"My bank shows the payment as approved, but your site says it was declined. It worked normally yesterday. I need someone to investigate this immediately.",critical
login,Password reset not working,"This keeps happening and I'm running out of things to try. The password reset link opens, but after setting a new password I still cannot log in. I also tried from another browser. It's inconvenient and I haven't been able to finish what I was trying to do.",medium
order tracking,Tracking link is broken,"I don't understand what is happening. The package has been marked 'in transit' in the same location for days. This happens in Safari on my iPhone. Steps: open My Orders, select the order, open tracking, then compare the status with the carrier's tracking page. This is urgent because money/order access is affected and I need immediate assistance. Reference: order/account details can be provided if needed.",critical
notification,Getting duplicate notifications,"Hello, I wanted to report a problem. SMS notifications stopped arriving even though my phone number is correct. This happens in Safari on my iPhone. Steps: place or update an order, wait for the normal email/SMS notification, then check notification settings; nothing relevant arrives. This is blocking my purchase and I need help as soon as possible. Reference: order/account details can be provided if needed.",high
login,Login keeps failing,"Maybe I'm missing something, but this doesn't make sense. Login works in the browser but not in the mobile app. I'm using Chrome on Windows 11. I can wait a little, but I do need this resolved.",medium
checkout,Stuck on checkout page,Applying a discount code makes the checkout page reload and lose my details.,high
order tracking,Wrong tracking number,This keeps happening and I'm running out of things to try. The tracking number is not recognized by the carrier. I have not changed any account settings recently.,medium
payments,Wrong amount charged,"The refund is marked completed in my account, but the money is not back on my card. This is preventing me from using the service.",high
notification,Push notifications stopped,Push notifications used to work and stopped without me changing any settings. I tried both Wi-Fi and mobile data.,critical
checkout,Address rejected during checkout,I've tried this several times and it's getting frustrating. There is no delivery method available even though you normally ship to my postcode. This started after the latest app update.,high
login,Login keeps failing,"Hi, I noticed an issue. I get an 'unexpected error' immediately after pressing Sign in. This started after the latest app update. I can wait a little, but I do need this resolved.",medium
checkout,Checkout button does nothing,I'm seeing a consistent problem with this. The page spins forever after I click Place order. I already cleared cookies and tried again.,high
notification,Notifications,emails not working,medium
order tracking,No tracking information available,"Just reporting something I ran into. The tracking link in the email opens a 404 page. I tried both Wi-Fi and mobile data. I can wait a little, but I do need this resolved.",medium
search,Sorting changes my filters,This should not be this difficult. The results page reloads whenever I scroll down. It worked normally yesterday. Can someone sort this out?,high
login,Account locked after login attempt,I get an 'unexpected error' immediately after pressing Sign in. This is preventing me from using the service.,high
login,Account locked after login attempt,sign in doesn't work,low
login,Unable to access my account,I've already retried a few times with no luck. I get an 'unexpected error' immediately after pressing Sign in. It worked normally yesterday. I can work around it for now.,low
payments,Charged twice for one order,"I've tried this several times and it's getting frustrating. Apple Pay closes after Face ID and returns me to the payment page. I'm using Chrome on Windows 11. Steps: choose the saved card, confirm the payment, wait for authorization, then the site reports an error even though the bank shows activity. Could someone look into this today if possible? Reference: order/account details can be provided if needed.",medium
login,Login keeps failing,I requested the two-factor code several times and nothing has arrived. I also tried from another browser. It's inconvenient and I haven't been able to finish what I was trying to do.,medium
order tracking,No tracking information available,The tracking page has shown the same status for several days.,medium
notification,Push notifications stopped,I've already retried a few times with no luck. SMS notifications stopped arriving even though my phone number is correct.,medium
order tracking,Where is my order?,no update on delivery,medium
payments,Apple Pay failed,"Just reporting something I ran into. The refund is marked completed in my account, but the money is not back on my card. I already cleared cookies and tried again. I can wait a little, but I do need this resolved.",medium
payments,Refund not received,"I can see two identical charges for the same purchase. No rush, but please check when possible.",low
login,Account locked after login attempt,The account says it is locked even though I only tried to sign in once today. This is preventing me from using the service.,high
notification,Can't turn off marketing emails,I'm not sure if I'm doing something wrong. SMS notifications stopped arriving even though my phone number is correct. I tried both Wi-Fi and mobile data. This is preventing me from using the service.,high
order tracking,Delivery date keeps changing,"I've tried this several times and it's getting frustrating. Your site says the package was delivered, but nothing was delivered to my address. I already cleared cookies and tried again.",high
payments,Payment pending for too long,"My bank shows the payment as approved, but your site says it was declined. This happens in Safari on my iPhone.",high
search,Product missing from search,I've already wasted too much time on this. The results page reloads whenever I scroll down. It worked normally yesterday. This has happened more than once.,medium
payments,Apple Pay failed,I can see two identical charges for the same purchase. I tried both Wi-Fi and mobile data. This is blocking my purchase and I need help as soon as possible.,high
login,Account locked after login attempt,"I've already retried a few times with no luck. The account says it is locked even though I only tried to sign in once today. I reproduced it twice this morning. Steps: open the sign-in page, enter my email and password, press Sign in, then the page reloads without logging me in. I need this fixed today because I cannot continue.",high
notification,Can't turn off marketing emails,"Hi, I noticed an issue. SMS notifications stopped arriving even though my phone number is correct. This happens in Safari on my iPhone.",low
payments,Card problem,payment problem,medium
notification,Notifications,emails not working,medium
order tracking,Tracking hasn't updated,"I've already retried a few times with no luck. Your site says the package was delivered, but nothing was delivered to my address. I reproduced it twice this morning. Steps: open My Orders, select the order, open tracking, then compare the status with the carrier's tracking page. It's inconvenient and I haven't been able to finish what I was trying to do. Reference: order/account details can be provided if needed.",medium
payments,Apple Pay failed,Apple Pay closes after Face ID and returns me to the payment page. I also tried from another browser.,high
login,2FA code never arrives,I'm getting very annoyed with this. Login works in the browser but not in the mobile app. The problem happens on both desktop and mobile. Please treat this as urgent; I am completely blocked. This has happened more than once.,critical
notification,Order confirmation email missing,"I've tried this several times and it's getting frustrating. The email says my oder was cancelled, but the order page says it has shipped.",low
order tracking,No tracking information available,"Hi, could you please help me with this? Your order page and the carrier page show different delivery statuses. I can work around it for now. Thanks.",low
payments,Card charged but order not created,This keeps happening and I'm running out of things to try. Apple Pay closes after Face ID and returns me to the payment page.,medium
payments,Wrong amount charged,"I've already retried a few times with no luck. The refund is marked completed in my account, but the money is not back on my card.",medium
payments,Charged twice for one order,I've already retried a few times with no luck. I can see two identical charges for the same purchase. I already cleared cookies and tried again. Could someone look into this today if possible?,medium
payments,Wrong amount charged,"I'm not sure if I'm doing something wrong. The refund is marked completed in my account, but the money is not back on my card. I tried both Wi-Fi and mobile data. Steps: choose the saved card, confirm the payment, wait for authorization, then the site reports an error even though the bank shows activity. I can wait a little, but I do need this resolved.",medium
search,Can't find an item I bought before,Searching for an exact product name returns unrelated items.,medium
checkout,Address rejected during checkout,This is really frustrating. There is no delivery method available even though you normally ship to my postcode. I tried both Wi-Fi and mobile data. This has happened more than once.,high
search,Search issue,can't find anything,high
search,Can't find product,search is bad,medium
payments,Refund not received,"The refund is marked completed in my account, but the money is not back on my card. I have not changed any account settings recently. Could someone look into this today if possible?",medium
notification,Too many notifications,Just reporting something I ran into. I receive the same shipping notification three or four times. I already cleared cookies and tried again.,medium
login,Password reset not working,"Hi, I noticed an issue. Login works in the browser but not in the mobile app. This happens in Safari on my iPhone. Steps: open the sign-in page, enter my email and password, press Sign in, then the page reloads without logging me in. No rush, but please check when possible. Reference: order/account details can be provided if needed.",low
login,Unable to access my account,"Hi, I noticed an issue. I get an 'unexpected error' immediately after pressing Sign in. This happens in Safari on my iPhone. Steps: open the sign-in page, enter my email and password, press Sign in, then the page reloads without logging me in. It's inconvenient and I haven't been able to finish what I was trying to do.",medium
login,Signed out every time I refresh,"The password reset link opens, but after setting a new password I still cannot log in. I also tried from another browser. Steps: open the sign-in page, enter my email and password, press Sign in, then the page reloads without logging me in. I need this fixed today because I cannot continue.",high
order tracking,Package stuck in transit,"The tracking link in the email opens a 404 page. I also tried from another browser. Steps: open My Orders, select the order, open tracking, then compare the status with the carrier's tracking page. This is preventing me from using the service. Reference: order/account details can be provided if needed.",high
order tracking,Package stuck in transit,This keeps happening and I'm running out of things to try. The tracking number is not recognized by the carrier.,critical
payments,Payment declined but card is valid,I can see two identical charges for the same purchase. I reproduced it twice this morning.,high
checkout,Can't place my order,"The cart becomes empty as soon as I reach the payment step. I'm using Chrome on Windows 11. Steps: add an item to cart, open checkout, enter shipping details, continue to the next step, then the page stops responding. I can wait a little, but I do need this resolved. Reference: order/account details can be provided if needed.",medium
order tracking,Tracking issue,where is my order?,high
payments,Card charged but order not created,"The card was charged, but I never received an order number or confirmation. It worked normally yesterday. Steps: choose the saved card, confirm the payment, wait for authorization, then the site reports an error even though the bank shows activity. This is urgent because money/order access is affected and I need immediate assistance. Reference: order/account details can be provided if needed.",critical
order tracking,Order says delivered but isn't here,"Hello, I wanted to report a problem. Your site says the package was delivered, but nothing was delivered to my address. It worked normally yesterday. Steps: open My Orders, select the order, open tracking, then compare the status with the carrier's tracking page. Could someone look into this today if possible?",medium
search,Filters not working,Search takes around 20 seconds before showing results. I have not changed any account settings recently.,critical
login,2FA code never arrives,I get an 'unexpected error' immediately after pressing Sign in. The problem happens on both desktop and mobile.,high
search,Search results are irrelevant,"Hi, could you please help me with this? Searching for an exact product name returns unrelated items. Could someone look into this today if possible? Thanks.",medium
login,Can't log in,why am I locked out?,medium
notification,Getting duplicate notifications,"This should not be this difficult. Push notifications used to work and stopped without me changing any settings. I'm using Chrome on Windows 11. Steps: place or update an order, wait for the normal email/SMS notification, then check notification settings; nothing relevant arrives. It's inconvenient and I haven't been able to finish what I was trying to do. Reference: order/account details can be provided if needed. Can someone sort this out?",medium
notification,SMS alerts not arriving,"Hi, I noticed an issue. The order appears in my account, but I never received the confirmation email. I also tried from another browser.",medium
payments,Charged twice for one order,"The card was charged, but I never received an order number or confirmation. I reproduced it twice this morning. Steps: choose the saved card, confirm the payment, wait for authorization, then the site reports an error even though the bank shows activity. I need this fixed today because I cannot continue.",high
payments,Charged twice for one order,"Hi, could you please help me with this? The refund is marked completed in my account, but the money is not back on my card. I'm using Chrome on Windows 11. Steps: choose the saved card, confirm the payment, wait for authorization, then the site reports an error even though the bank shows activity. This is blocking my purchase and I need help as soon as possible. Reference: order/account details can be provided if needed. Thanks.",high
checkout,Cart resets at checkout,I've tried this several times and it's getting frustrating. My shipping address is valid but the form keeps saying it cannot be verified. It's inconvenient and I haven't been able to finish what I was trying to do.,medium
checkout,Promo code breaks checkout,I'm not sure if I'm doing something wrong. The cart becomes empty as soon as I reach the payment step. This happens in Safari on my iPhone. This is blocking my purchase and I need help as soon as possible.,high
login,Signed out every time I refresh,"I've already retried a few times with no luck. The password reset link opens, but after setting a new password I still cannot log in. I already cleared cookies and tried again. I can wait a little, but I do need this resolved.",medium
order tracking,Delivery date keeps changing,"I don't understand what is happening. The tracking number is not recognized by the carrier. I reproduced it twice this morning. Steps: open My Orders, select the order, open tracking, then compare the status with the carrier's tracking page. I can wait a little, but I do need this resolved.",medium
order tracking,Order status doesn't match carrier,The tracking link in the email opens a 404 page. This happens in Safari on my iPhone.,high
login,Login issue on mobile,"Hi, could you please help me with this? The password reset link opens, but after setting a new password I still cannot log in. I tried both Wi-Fi and mobile data. Thanks.",high
notification,Can't turn off marketing emails,"Hi, I noticed an issue. SMS notifications stopped arriving even though my phone number is correct. The problem happens on both desktop and mobile. This is urgent because money/order access is affected and I need immediate assistance.",critical
search,Filters not working,can't find anything,low
notification,Push notifications stopped,I'm seeing a consistent problem with this. Push notifications used to work and stopped without me changing any settings. I already cleared cookies and tried again. This is blocking my purchase and I need help as soon as possible.,high
notification,Too many notifications,"Seriously, what is going on? The email says my order was cancelled, but the order page says it has shipped. The problem happens on both desktop and mobile. Steps: place or update an order, wait for the normal email/SMS notification, then check notification settings; nothing relevant arrives. Could someone look into this today if possible? This has happened more than once.",medium
search,Search issue,I've already retried a few times with no luck. can't find anything,low
order tracking,Wrong tracking number,"I'm getting very annoyed with this. Your order page and the carrier page show different delivery statuses. I reproduced it twice this morning. Steps: open My Orders, select the order, open tracking, then compare the status with the carrier's tracking page. Could someone look into this today if possible? This has happened more than once.",medium
checkout,Stuck on checkout page,The cart becomes empty as soon as I reach the payment step. I also tried from another browser. I need someone to investigate this immediately.,critical
notification,Can't turn off marketing emails,I've tried this several times and it's getting frustrating. SMS notifications stopped arriving even though my phone number is correct. I tried both Wi-Fi and mobile data.,low
search,Filters not working,A product I can open from my order history does not appear in search. I have not changed any account settings recently. Could someone look into this today if possible?,medium
notification,Still broken: Getting duplicate notifications,"I'm getting very annoyed with this. The email says my order was cancelled, but the order page says it has shipped. This started after the latest app update. Can someone sort this out?",high
login,Signed out every time I refresh,"Hi team, I'm having an issue and would appreciate some help. The account says it is locked even though I only tried to sign in once today. I tried both Wi-Fi and mobile data. Steps: open the sign-in page, enter my email and password, press Sign in, then the page reloads without logging me in. This is blocking my purchase and I need help as soon as possible. Thanks.",high
payments,Card charged but order not created,"The card was charged, but I never received an order number or confirmation. It worked normally yesterday.",medium
payments,Wrong amount charged,I think I got charged wrong,medium
order tracking,No tracking information available,"Hi team, I'm having an issue and would appreciate some help. Your order page and the carrier page show different delivery statuses. This started after the latest app update. Thanks.",high
payments,Payment pending for too long,"This keeps happening and I'm running out of things to try. I can see two identical charges for the same purchase. I have not changed any account settings recently. I can wait a little, but I do need this resolved.",medium
login,Login keeps failing,"I enter the correct email and password but the page sends me back to the sign-in screen. This started after the latest app update. Steps: open the sign-in page, enter my email and password, press Sign in, then the page reloads without logging me in. This is preventing me from using the service. Reference: order/account details can be provided if needed.",high
notification,SMS alerts not arriving,Just reporting something I ran into. I receive the same shipping notification three or four times.,high
search,Can't find an item I bought before,Searching for an exact product name returns unrelated items. I have not changed any account settings recently.,medium
login,Password reset not working,"I enter the correct email and password but the page sends me back to the sign-in screen. I have not changed any account settings recently. Steps: open the sign-in page, enter my email and password, press Sign in, then the page reloads without logging me in. It's inconvenient and I haven't been able to finish what I was trying to do.",medium
payments,Payment pending for too long,"This keeps happening and I'm running out of things to try. Apple Pay closes after Face ID and returns me to the payment page. I already cleared cookies and tried again. Steps: choose the saved card, confirm the payment, wait for authorization, then the site reports an error even though the bank shows activity. I need this fixed today because I cannot continue.",high
order tracking,Order says delivered but isn't here,"The tracking link in the email opens a 404 page. The problem happens on both desktop and mobile. Steps: open My Orders, select the order, open tracking, then compare the status with the carrier's tracking page. It's not blocking me right now, but I wanted to report it. Reference: order/account details can be provided if needed.",low
login,Unable to access my account,The account says it is locked even though I only tried to sign in once today. I tried both Wi-Fi and mobile data. I can work around it for now.,low
notification,Can't turn off marketing emails,"This keeps happening and I'm running out of things to try. I disabled marketing emails, but I am still receiving them. This happens in Safari on my iPhone. I need someone to investigate this immediately.",critical
payments,Payment pending for too long,"Hi team, I'm having an issue and would appreciate some help. I can see two identical charges for the same purchase. I reproduced it twice this morning. Steps: choose the saved card, confirm the payment, wait for authorization, then the site reports an error even though the bank shows activity. I can work around it for now. Reference: order/account details can be provided if needed. Thanks.",low
payments,Wrong amount charged,"Hi team, I'm having an issue and would appreciate some help. The card was charged, but I never received an order number or confirmation. It worked normally yesterday. Steps: choose the saved card, confirm the payment, wait for authorization, then the site reports an error even though the bank shows activity. I can wait a little, but I do need this resolved. Thanks.",medium
order tracking,No tracking information available,"Your site says the package was delivered, but nothing was delivered to my address. I also tried from another browser. Please treat this as urgent; I am completely blocked.",critical
payments,Card charged but order not created,"I don't understand what is happening. The card was charged, but I never received an order number or confirmation. I tried both Wi-Fi and mobile data.",medium
notification,Wrong notification sent,"The email says my order was cancelled, but the order page says it has shipped. I also tried from another browser.",high
notification,Order confirmation email missing,I'm seeing a consistent problem with this. SMS notifications stopped arriving even though my phone number is correct. This is preventing me from using the service.,high
order tracking,Tracking hasn't updated,"I've already retried a few times with no luck. The tracking link in the email opens a 404 page. This started after the latest app update. Steps: open My Orders, select the order, open tracking, then compare the status with the carrier's tracking page. I can wait a little, but I do need this resolved. Reference: order/account details can be provided if needed.",medium
checkout,Promo code breaks checkout,"I've already wasted too much time on this. The page spins forever after I click Place order. I have not changed any account settings recently. Steps: add an item to cart, open checkout, enter shipping details, continue to the next step, then the page stops responding. It's inconvenient and I haven't been able to finish what I was trying to do. Can someone sort this out?",medium
login,Signed out every time I refresh,"Hi, could you please help me with this? I requested the two-factor code several times and nothing has arrived. I already cleared cookies and tried again. It's inconvenient and I haven't been able to finish what I was trying to do. Thanks.",medium
login,Login issue,can't get into my account,low
order tracking,Where is my order?,package???,low
login,Can't sign in,"I've already retried a few times with no luck. I get an 'unexpected error' immediately after pressing Sign in. This happens in Safari on my iPhone. Steps: open the sign-in page, enter my email and password, press Sign in, then the page reloads without logging me in. I can wait a little, but I do need this resolved. Reference: order/account details can be provided if needed.",medium
payments,Wrong amount charged,"Hello, I wanted to report a problem. My bank shows the payment as approved, but your site says it was declined. I have not changed any account settings recently. Could someone look into this today if possible?",medium
login,Can't sign in,"Just reporting something I ran into. I requested the two-factor code several times and nothing has arrived. I reproduced it twice this morning. Steps: open the sign-in page, enter my email and password, press Sign in, then the page reloads without logging me in. Could someone look into this today if possible? Reference: order/account details can be provided if needed.",medium
payments,Wrong amount charged,"The refund is marked completed in my account, but the money is not back on my card. Could someone look into this today if possible?",medium
payments,Payment issue,card issue,medium
order tracking,Still broken: No tracking information available,I've already wasted too much time on this. where is my order? Please fix this.,medium
notification,Wrong notification sent,"I'm not sure if I'm doing something wrong. SMS notifications stopped arriving even though my phone number is correct. This happens in Safari on my iPhone. It's not blocking me right now, but I wanted to report it.",low
order tracking,Wrong tracking number,I've already retried a few times with no luck. The tracking page has shown the same status for several days. This started after the latest app update. This is blocking my purchase and I need help as soon as possible.,high
order tracking,No tracking information available,"Hi, could you please help me with this? The package has been marked 'in transit' in the same location for days. I also tried from another browser. I can work around it for now. Thanks.",low
payments,Card charged but order not created,"The payment has been showing as pending since yesterday. This started after the latest app update. Steps: choose the saved card, confirm the payment, wait for authorization, then the site reports an error even though the bank shows activity. Could someone look into this today if possible?",medium
checkout,Checkout won't complete,"The page spins forever after I click Place order. The problem happens on both desktop and mobile. Steps: add an item to cart, open checkout, enter shipping details, continue to the next step, then the page stops responding. No rush, but please check when possible.",low
order tracking,Package stuck in transit,"I've already retried a few times with no luck. Your order page and the carrier page show different delivery statuses. I reproduced it twice this morning. Steps: open My Orders, select the order, open tracking, then compare the status with the carrier's tracking page. I need someone to investigate this immediately.",critical
payments,Payment page error,"Hi, I noticed an issue. The refund is marked completed in my account, but the money is not back on my card. I have not changed any account settings recently. Steps: choose the saved card, confirm the payment, wait for authorization, then the site reports an error even though the bank shows activity. No rush, but please check when possible.",low
search,Product missing from search,A product I can open from my order history does not appear in search. I already cleared cookies and tried again.,medium
checkout,Stuck on checkout page,"Hello, I wanted to report a problem. I can add products to the cart, but the checkout button does not move to the next step. I'm using Chrome on Windows 11. Steps: add an item to cart, open checkout, enter shipping details, continue to the next step, then the page stops responding. This is blocking my purchase and I need help as soon as possible. Reference: order/account details can be provided if needed.",high
notification,Email issue,too many alerts,critical
login,Can't log in,can't get into my account,low
search,Search issue,search is bad,critical
checkout,Again: Checkout won't complete,"This should not be this difficult. My shipping address is valid but the form keeps saying it cannot be verified. I tried both Wi-Fi and mobile data. It's not blocking me right now, but I wanted to report it. Can someone sort this out?",low
login,Can't sign in,"Just reporting something I ran into. Login works in the browser but not in the mobile app. I can wait a little, but I do need this resolved.",medium
login,Unable to access my account,I'm seeing a consistent problem with this. Login works in the browser but not in the mobile app. I already cleared cookies and tried again. It's inconvenient and I haven't been able to finish what I was trying to do.,medium
search,Can't find an item I bought before,"Just reporting something I ran into. A product I can open from my order history does not appear in search. I tried both Wi-Fi and mobile data. I can wait a little, but I do need this resolved.",medium
login,Can't sign in,I enter the correct email and password but the page sends me back to the sign-in screen. I tried both Wi-Fi and mobile data. It's inconvenient and I haven't been able to finish what I was trying to do.,medium
payments,Payment declined but card is valid,I can see two identical charges for the same purchase. I also tried from another browser.,low
login,Unable to access my account,"The password reset link opens, but after setting a new password I still cannot log in. I'm using Chrome on Windows 11. Steps: open the sign-in page, enter my email and password, press Sign in, then the page reloads without logging me in. I can wait a little, but I do need this resolved. Reference: order/account details can be provided if needed.",medium
search,Still broken: Search returns no results,"I'm getting very annoyed with this. Search takes around 20 seconds before showing results. This started after the latest app update. Steps: open search, enter the product name, apply a category filter, then sort by price; the results become inconsistent. This is urgent because money/order access is affected and I need immediate assistance. Please fix this.",critical
checkout,Address rejected during checkout,"Seriously, what is going on? There is no delivery method available even though you normally ship to my postcode. I tried both Wi-Fi and mobile data. Please fix this.",low
checkout,Can't place my order,"Hello, I hope you can help. There is no delivery method available even though you normally ship to my postcode. It worked normally yesterday. This is blocking my purchase and I need help as soon as possible. Thanks.",high
search,Can't find an item I bought before,i've already retried a few times with no luck. searching for an exact product name returns unrelated items. this is preventing me from using the service.,high
order tracking,Order says delivered but isn't here,"Hello, I wanted to report a problem. The tracking number is not recognized by the carrier.",medium
order tracking,Tracking hasn't updated,"This is really frustrating. The tracking number is not recognized by the carrier. This happens in Safari on my iPhone. I need someone to investigate this immediately. I need an actual answer, not a generic response.",critical
login,Account locked after login attempt,sign in doesnt work,critical
login,URGENT: Login keeps failing,"This is really frustrating. The account says it is locked even though I only tried to sign in once today. This started after the latest app update. Steps: open the sign-in page, enter my email and password, press Sign in, then the page reloads without logging me in. It's not blocking me right now, but I wanted to report it. Reference: order/account details can be provided if needed. Can someone sort this out?",low
order tracking,Order status doesn't match carrier,The tracking link in the email opens a 404 page. I already cleared cookies and tried again.,high
order tracking,Wrong tracking number,"Hi, could you please help me with this? The package has been marked 'in transit' in the same location for days. It worked normally yesterday. It's inconvenient and I haven't been able to finish what I was trying to do. Thanks.",medium
order tracking,Package stuck in transit,Could someone please take a look? The tracking link in the email opens a 404 page. The problem happens on both desktop and mobile. Could someone look into this today if possible? Thanks.,medium
login,2FA code always fails,"I receive a code but it fails every time, and I've already requested multiple codes.",high
login,Verification code keeps expiring,"The code expires before it can be entered, even after multiple codes were requested.",high
login,Two-factor code never works,Multiple codes were requested but the code always fails or expires before it can be entered.,high
checkout,Checkout button not responding,"The checkout button appears clickable but nothing happens, I cannot reach payment.",high
checkout,Checkout stuck loading,The checkout loading spinner never finishes and I cannot reach payment.,high
checkout,Can't get past checkout button,"Checkout button appears clickable but nothing happens, the loading spinner never finishes and I cannot reach payment.",high
payments,Card declined for no reason,My payment is declined even though the card works elsewhere and my bank app shows no completed charge.,high
payments,Payment keeps failing,"Payment keeps getting declined, but the card works fine elsewhere and there is no completed charge in my bank app.",high
payments,Valid card rejected at checkout,"The card is declined at checkout, yet it works elsewhere and my bank shows no completed charge.",high
search,Search suddenly returns nothing,"No products are found, this query previously worked and now a broad search returns zero items.",high
search,Zero search results,"Search suddenly returns zero items, even a broad query that previously worked now finds no products.",high
search,Broad search finds nothing,I get no products found even on a broad query that unexpectedly returns zero items and used to work.,high
notifications,No confirmation email for my order,"My order is visible in My Orders but I got no confirmation email, I am unsure if the order is valid.",high
notifications,Missing order confirmation,"I never got a confirmation email even though the order is visible in My Orders, is my order valid?",high
notifications,Confirmation email never arrived,"No confirmation email arrived, the order shows up in My Orders but I am unsure the order is valid.",high
order tracking,Tracking stuck for days,"The carrier status has been the same for several days, my package appears stuck and the delivery date is approaching.",high
order tracking,Package seems stuck in transit,"My package seems stuck, same carrier status for days now, and the expected delivery date is approaching fast.",high
order tracking,Tracking status hasn't changed in days,"Tracking shows the same status for several days, the package appears stuck as the delivery date approaches.",high
